timestamp,open,high,low,close,adjusted_close,volume,dividend_amount,split_coefficient
2019-07-02,59.5600,59.5600,59.4600,59.5000,59.5000,2595,0.0000,1.0000
2019-07-01,59.2600,59.3200,59.2600,59.3200,59.3200,988,0.0000,1.0000
2019-06-28,58.6900,58.6900,58.5200,58.5200,58.5200,1903,0.0000,1.0000
2019-06-27,58.3379,58.3379,58.3379,58.3379,58.3379,186,0.0000,1.0000
2019-06-26,58.1120,58.1600,58.0711,58.0711,58.0711,1127,0.0000,1.0000
2019-06-25,58.4000,58.4000,58.1855,58.1855,58.1855,1718,0.0000,1.0000
2019-06-24,58.3150,58.3624,58.3150,58.3624,58.3624,1294,0.0000,1.0000
2019-06-21,58.4800,58.5110,58.3600,58.4216,58.4216,3892,0.0000,1.0000
2019-06-20,58.8200,59.0087,58.7142,59.0087,59.0087,1604,0.0000,1.0000
2019-06-19,58.2287,58.4630,58.1550,58.4630,58.4630,1290,0.0000,1.0000
2019-06-18,57.6600,57.9273,57.6600,57.9273,57.9273,2668,0.0000,1.0000
2019-06-17,57.5500,57.6400,57.5500,57.5883,57.5883,1368,0.4438,1.0000
2019-06-14,57.9348,57.9348,57.9348,57.9348,57.4917,169,0.0000,1.0000
2019-06-13,58.0463,58.0463,57.9850,57.9850,57.5415,1345,0.0000,1.0000
2019-06-12,58.4300,58.4300,58.1048,58.1048,57.6604,2009,0.0000,1.0000
2019-06-11,58.9000,58.9000,58.6600,58.6900,58.2411,1747,0.0000,1.0000
2019-06-10,58.5900,58.6500,58.5100,58.6020,58.1538,9200,0.0000,1.0000
2019-06-07,58.0800,58.2705,58.0800,58.2705,57.8248,1381,0.0000,1.0000
2019-06-06,57.6509,57.6509,57.6509,57.6509,57.2100,222,0.0000,1.0000
2019-06-05,57.6500,57.6500,57.5200,57.5200,57.0801,7883,0.0000,1.0000
2019-06-04,56.9700,57.5100,56.9700,57.5100,57.0702,2584,0.0000,1.0000
2019-06-03,56.7600,56.9500,56.6500,56.9046,56.4694,3931,0.0000,1.0000
2019-05-31,56.5000,56.6300,56.5000,56.5100,56.0778,2309,0.0000,1.0000
2019-05-30,57.4000,57.4000,57.0850,57.1700,56.7328,2564,0.0000,1.0000
2019-05-29,57.6200,57.6200,56.8200,56.9712,56.5355,2555,0.0000,1.0000
2019-05-28,57.7900,57.7900,57.2158,57.2158,56.7782,881,0.0000,1.0000
2019-05-24,57.5800,57.9400,57.4700,57.7460,57.3044,4502,0.0000,1.0000
2019-05-23,56.9800,56.9800,56.5500,56.8373,56.4026,2145,0.0000,1.0000
2019-05-22,57.4900,57.4900,57.0500,57.2296,56.7919,6331,0.0000,1.0000
2019-05-21,57.5782,57.6210,57.5298,57.6210,57.1803,2917,0.0000,1.0000
2019-05-20,57.4700,57.5800,57.2550,57.3317,56.8932,2129,0.0000,1.0000
2019-05-17,57.9400,57.9400,57.6646,57.6646,57.2236,8290,0.0000,1.0000
2019-05-16,57.7600,57.9619,57.7600,57.8093,57.3672,2103,0.0000,1.0000
2019-05-15,57.4700,57.5778,57.4150,57.5751,57.1348,1917,0.0000,1.0000
2019-05-14,57.3500,57.4759,57.3500,57.4759,57.0363,1416,0.0000,1.0000
2019-05-13,56.9600,56.9600,56.5900,56.6400,56.2068,5356,0.0000,1.0000
2019-05-10,57.4200,57.9300,57.3700,57.9300,57.4870,2401,0.0000,1.0000
2019-05-09,57.1700,57.4916,56.9200,57.4916,57.0519,24578,0.0000,1.0000
2019-05-08,57.9400,58.0121,57.8600,58.0121,57.5684,2583,0.0000,1.0000
2019-05-07,58.8600,58.8600,58.2000,58.3400,57.8938,7435,0.0000,1.0000
2019-05-06,58.8700,59.3612,58.8700,59.3612,58.9072,6578,0.0000,1.0000
2019-05-03,59.5100,59.9924,59.5100,59.9924,59.5336,1196,0.0000,1.0000
2019-05-02,59.2600,59.3400,59.1355,59.2652,58.8119,2607,0.0000,1.0000
2019-05-01,59.5200,59.6900,59.1700,59.1900,58.7373,5965,0.0000,1.0000
2019-04-30,59.6000,59.6000,59.4100,59.4100,58.9556,32249,0.0000,1.0000
2019-04-29,59.4400,59.6814,59.4400,59.6555,59.1993,13261,0.0000,1.0000
2019-04-26,59.2900,59.3900,59.2900,59.3700,58.9159,13780,0.0000,1.0000
2019-04-25,59.0800,59.1114,58.8800,58.8900,58.4396,7331,0.0000,1.0000
2019-04-24,58.9300,58.9900,58.7500,58.7707,58.3212,2646,0.0000,1.0000
2019-04-23,59.2000,59.4215,59.1600,59.4215,58.9670,1681,0.0000,1.0000
2019-04-22,58.9300,59.1450,58.9300,59.1000,58.6480,3601,0.0000,1.0000
2019-04-18,59.3700,59.3700,59.2400,59.2884,58.8350,30391,0.0000,1.0000
2019-04-17,59.6200,59.6200,59.2350,59.3872,58.9330,4032,0.0000,1.0000
2019-04-16,59.4343,59.5185,59.4343,59.4541,58.9994,976,0.0000,1.0000
2019-04-15,59.2200,59.2200,59.1100,59.1200,58.6679,1210,0.0000,1.0000
2019-04-12,59.1230,59.1330,59.0497,59.0497,58.5981,791,0.0000,1.0000
2019-04-11,58.8900,58.9300,58.7700,58.8337,58.3837,2566,0.0000,1.0000
2019-04-10,59.1200,59.1200,58.9500,58.9500,58.4992,3011,0.0000,1.0000
2019-04-09,59.1200,59.1445,59.0002,59.0002,58.5490,6148,0.0000,1.0000
2019-04-08,59.3800,59.3800,59.3057,59.3448,58.8909,1665,0.0000,1.0000
2019-04-05,59.4300,59.5000,59.4300,59.4900,59.0350,2306,0.0000,1.0000
2019-04-04,59.3400,59.4500,59.3400,59.4500,58.9953,1259,0.0000,1.0000
2019-04-03,59.6900,59.7100,59.5359,59.5359,59.0806,25660,0.0000,1.0000
2019-04-02,59.2300,59.2898,59.2000,59.2898,58.8364,22132,0.0000,1.0000
2019-04-01,59.6700,59.8700,59.6699,59.8700,59.4121,3623,0.0000,1.0000
2019-03-29,59.0142,59.0142,58.9100,59.0059,58.5546,691,0.0000,1.0000
2019-03-28,58.9200,59.0000,58.7700,58.9978,58.5466,2982,0.0000,1.0000
2019-03-27,59.4600,59.4600,58.9141,58.9141,58.4635,1234,0.0000,1.0000
2019-03-26,59.4400,59.5600,59.0996,59.2000,58.7472,4018,0.0000,1.0000
2019-03-25,58.2100,58.4100,58.1700,58.4100,57.9633,1134,0.0000,1.0000
2019-03-22,58.8800,58.8800,58.4055,58.4055,57.9588,21373,0.0000,1.0000
2019-03-21,58.5000,59.1000,58.5000,59.1000,58.6480,2241,0.0000,1.0000
2019-03-20,58.6000,58.9790,58.4350,58.7025,58.2535,2475,0.0000,1.0000
2019-03-19,58.9000,58.9300,58.5940,58.5940,58.1459,7381,0.0000,1.0000
2019-03-18,58.5000,58.6803,58.5000,58.6803,58.2315,968,0.0000,1.0000
2019-03-15,58.3900,58.4939,58.2700,58.4036,57.9569,1244,0.0000,1.0000
2019-03-14,57.6800,57.8200,57.6800,57.7246,57.2831,1606,0.0000,1.0000
2019-03-13,58.0800,58.4981,58.0800,58.3821,57.9356,4008,0.0000,1.0000
2019-03-12,58.3500,58.3500,58.1949,58.1949,57.7498,617,0.0000,1.0000
2019-03-11,57.5100,58.0900,57.5100,58.0728,57.6287,1882,0.0000,1.0000
2019-03-08,57.0899,57.3789,57.0800,57.3789,56.9401,5269,0.0000,1.0000
2019-03-07,58.0700,58.0700,57.4415,57.5500,57.1099,2528,0.0000,1.0000
2019-03-06,58.2900,58.2900,58.2600,58.2761,57.8304,2170,0.0000,1.0000
2019-03-05,58.6700,58.7300,58.4157,58.6153,58.1670,3672,0.0000,1.0000
2019-03-04,58.7500,58.7600,58.5600,58.5900,58.1419,1671,0.0000,1.0000
2019-03-01,58.6900,58.7090,58.5339,58.7059,58.2569,1771,0.0000,1.0000
2019-02-28,58.5559,58.5571,58.4600,58.4600,58.0129,2258,0.0000,1.0000
2019-02-27,59.0900,59.1619,58.9900,59.0909,58.6390,3063,0.0000,1.0000
2019-02-26,59.3000,59.4799,59.2700,59.3400,58.8862,1356,0.0000,1.0000
2019-02-25,59.3400,59.3400,59.1148,59.1148,58.6627,513,0.0000,1.0000
2019-02-22,58.9300,58.9300,58.7700,58.7900,58.3404,3157,0.0000,1.0000
2019-02-21,58.8238,58.8500,58.6400,58.6400,58.1915,2334,0.0000,1.0000
2019-02-20,58.8800,58.9700,58.7500,58.7500,58.3007,3340,0.0000,1.0000
2019-02-19,58.4800,58.7900,58.4800,58.7300,58.2808,2520,0.0000,1.0000
2019-02-15,58.3300,58.5900,58.2300,58.5900,58.1419,1581,0.0000,1.0000
2019-02-14,57.7400,57.9457,57.7400,57.8200,57.3778,2239,0.0000,1.0000
2019-02-13,58.1394,58.1394,57.8400,57.8600,57.4175,3444,0.0000,1.0000
2019-02-12,57.6800,57.9000,57.6800,57.7800,57.3381,1645,0.0000,1.0000
2019-02-11,56.7900,56.8300,56.5800,56.7500,56.3160,7322,0.0000,1.0000
2019-02-08,56.4700,56.5983,56.3300,56.5983,56.1654,3602,0.0000,1.0000
2019-02-07,57.5400,57.5400,57.0800,57.1955,56.7581,1509,0.0000,1.0000
2019-02-06,58.2495,58.2495,58.0200,58.0200,57.5763,12988,0.0000,1.0000
2019-02-05,58.5000,58.5733,58.4700,58.5185,58.0710,32543,0.0000,1.0000
2019-02-04,58.0500,58.3114,58.0100,58.2947,57.8489,6433,0.0000,1.0000
2019-02-01,58.2900,58.3300,58.0100,58.0506,57.6066,30815,0.0000,1.0000
2019-01-31,58.1000,58.3500,58.1000,58.3300,57.8839,5035,0.0000,1.0000
2019-01-30,57.7100,58.4200,57.7100,58.2000,57.7549,4366,0.0000,1.0000
2019-01-29,57.7106,57.7106,57.4877,57.4877,57.0480,452,0.0000,1.0000
2019-01-28,57.2200,57.4100,57.1700,57.3989,56.9599,23893,0.0000,1.0000
2019-01-25,57.9300,57.9600,57.8400,57.8400,57.3976,2385,0.0000,1.0000
2019-01-24,57.1826,57.2183,57.0800,57.2183,56.7807,2888,0.0000,1.0000
2019-01-23,57.3300,57.3300,56.6010,56.8150,56.3805,8358,0.0000,1.0000
2019-01-22,57.4500,57.4800,56.8300,57.0400,56.6038,10261,0.0000,1.0000
2019-01-18,58.0400,58.1600,57.8400,58.1600,57.7152,5251,0.0000,1.0000
2019-01-17,56.8300,57.4092,56.8300,57.3756,56.9368,3083,0.0000,1.0000
2019-01-16,57.3600,57.4391,57.3341,57.4000,56.9610,1088,0.0000,1.0000
2019-01-15,57.1800,57.2647,56.9300,57.1700,56.7328,29560,0.0000,1.0000
2019-01-14,56.5400,56.6300,56.4100,56.4100,55.9786,3821,0.0000,1.0000
2019-01-11,56.5600,56.6249,56.4600,56.5463,56.1138,8150,0.0000,1.0000
2019-01-10,56.8800,57.2400,56.7400,57.2400,56.8022,12766,0.0000,1.0000
2019-01-09,56.9200,57.1100,56.8800,57.0041,56.5681,1797,0.0000,1.0000
2019-01-08,56.9108,56.9108,56.5500,56.7200,56.2862,8180,0.0000,1.0000
2019-01-07,56.4800,56.8886,56.2900,56.5789,56.1462,13116,0.0000,1.0000
2019-01-04,55.3600,56.4500,55.3600,56.4500,56.0183,5973,0.0000,1.0000
2019-01-03,54.9300,54.9400,54.4800,54.4800,54.0633,3627,0.0000,1.0000
2019-01-02,53.9700,54.9200,53.9700,54.8700,54.4504,24301,0.0000,1.0000
2018-12-31,54.8000,54.9000,54.4500,54.4800,54.0633,52915,0.0000,1.0000
2018-12-28,54.6300,54.8700,54.3659,54.7200,54.3015,17938,0.0000,1.0000
2018-12-27,53.8500,54.6400,53.2977,54.6400,54.2221,58170,0.0000,1.0000
2018-12-26,53.3700,53.9400,52.7700,53.5600,53.1504,39067,0.0000,1.0000
2018-12-24,52.9800,53.0400,52.6000,52.6361,52.2335,8399,0.0000,1.0000
2018-12-21,53.7400,54.0500,53.1900,53.1900,52.7832,25738,0.0000,1.0000
2018-12-20,55.0500,55.2500,54.5732,54.9300,54.5099,16438,0.0000,1.0000
2018-12-19,56.0673,56.4049,55.2757,55.3613,54.9379,8112,0.0000,1.0000
2018-12-18,56.3800,56.5187,55.8777,56.1700,55.7404,9034,0.5005,1.0000
2018-12-17,56.9700,57.0799,56.3500,56.4138,55.4879,33673,0.0000,1.0000
2018-12-14,56.8800,57.1100,56.8800,56.9165,55.9824,6362,0.0000,1.0000
2018-12-13,57.8600,57.8800,57.5100,57.6514,56.7052,4964,0.0000,1.0000
2018-12-12,58.1348,58.1348,57.8596,57.8596,56.9100,2702,0.0000,1.0000
2018-12-11,57.3900,57.3900,56.7831,57.1200,56.1826,45259,0.0000,1.0000
2018-12-10,57.2200,57.3700,56.4100,57.2332,56.2939,35928,0.0000,1.0000
2018-12-07,58.1000,58.2100,57.4400,57.7800,56.8317,24143,0.0000,1.0000
2018-12-06,57.5700,57.8200,56.9501,57.8200,56.8711,29824,0.0000,1.0000
2018-12-04,59.4900,59.5000,58.1400,58.1400,57.1858,3229,0.0000,1.0000
2018-12-03,60.6300,60.7600,60.2101,60.3100,59.3202,9758,0.0000,1.0000
2018-11-30,59.4600,59.8200,59.4600,59.6200,58.6415,10342,0.0000,1.0000
2018-11-29,59.5500,59.7600,59.2500,59.7600,58.7792,15112,0.0000,1.0000
2018-11-28,58.9055,59.7276,58.9055,59.5500,58.5727,21946,0.0000,1.0000
2018-11-27,58.9000,59.0221,58.9000,58.9300,57.9628,1788,0.0000,1.0000
2018-11-26,58.9200,59.2007,58.7650,59.2007,58.2291,23995,0.0000,1.0000
2018-11-23,58.3000,58.4580,58.3000,58.3736,57.4156,3256,0.0000,1.0000
2018-11-21,58.4600,58.5981,58.4600,58.5981,57.6364,709,0.0000,1.0000
2018-11-20,57.8900,57.8920,57.6200,57.6200,56.6743,1526,0.0000,1.0000
2018-11-19,58.8900,58.9992,58.3450,58.3450,57.3874,3678,0.0000,1.0000
2018-11-16,58.7552,58.9500,58.7500,58.8208,57.8554,654,0.0000,1.0000
2018-11-15,58.4400,58.9197,58.4300,58.6500,57.6874,6527,0.0000,1.0000
2018-11-14,58.5400,58.9533,58.1800,58.4900,57.5301,10348,0.0000,1.0000
2018-11-13,58.2200,58.3370,58.2200,58.3370,57.3796,801,0.0000,1.0000
2018-11-12,58.8450,58.8550,58.5900,58.5900,57.6284,3301,0.0000,1.0000
2018-11-09,59.0601,59.1501,59.0601,59.1501,58.1793,673,0.0000,1.0000
2018-11-08,60.1000,60.1400,59.9700,60.1400,59.1530,4290,0.0000,1.0000
2018-11-07,59.9200,60.2400,59.9200,60.1804,59.1927,653,0.0000,1.0000
2018-11-06,59.7100,59.7250,59.5200,59.7250,58.7448,3269,0.0000,1.0000
2018-11-05,59.1000,59.2700,57.2800,59.2700,58.2973,8031,0.0000,1.0000
2018-11-02,59.6500,59.6500,58.8400,58.8400,57.8743,16426,0.0000,1.0000
2018-11-01,58.7800,58.9986,58.7408,58.9100,57.9432,2984,0.0000,1.0000
2018-10-31,58.9500,59.3000,58.9500,59.1500,58.1792,12413,0.0000,1.0000
2018-10-30,57.9378,58.3400,57.8500,58.3400,57.3825,24981,0.0000,1.0000
2018-10-29,58.2900,58.2900,57.0000,57.3800,56.4383,13422,0.0000,1.0000
2018-10-26,57.7800,58.4393,57.2900,58.1300,57.1760,9548,0.0000,1.0000
2018-10-25,58.3500,59.1610,58.3400,58.9400,57.9727,20041,0.0000,1.0000
2018-10-24,59.2164,59.2164,58.2400,58.2400,57.2842,2994,0.0000,1.0000
2018-10-23,59.3100,60.0024,59.0700,59.9200,58.9366,3401,0.0000,1.0000
2018-10-22,60.8599,60.8599,60.7300,60.7300,59.7333,1088,0.0000,1.0000
2018-10-19,61.2457,61.2457,61.2457,61.2457,60.2405,1145,0.0000,1.0000
2018-10-18,60.7370,60.8939,60.7370,60.8939,59.8945,675,0.0000,1.0000
2018-10-17,61.9744,62.0649,61.8100,61.9000,60.8841,4124,0.0000,1.0000
2018-10-16,61.7200,62.2300,61.4800,62.2300,61.2087,3785,0.0000,1.0000
2018-10-15,60.7500,61.1500,60.7500,61.1500,60.1464,1427,0.0000,1.0000
2018-10-12,61.1823,61.1823,60.5400,61.0700,60.0677,3151,0.0000,1.0000
2018-10-11,61.8500,61.8535,61.0000,61.0000,59.9989,5095,0.0000,1.0000
2018-10-10,62.7800,62.7800,62.4244,62.4244,61.3999,24354,0.0000,1.0000
2018-10-09,62.7900,63.7679,62.7900,63.7679,62.7213,111406,0.0000,1.0000
2018-10-08,63.7000,63.8500,63.5150,63.5175,62.4751,3548,0.0000,1.0000
2018-10-05,63.9443,63.9443,63.4300,63.7300,62.6841,1967,0.0000,1.0000
2018-10-04,64.2100,64.2100,63.4300,63.5800,62.5365,5868,0.0000,1.0000
2018-10-03,64.8700,64.8700,64.6485,64.6900,63.6283,4055,0.0000,1.0000
2018-10-02,65.2199,65.2800,65.0620,65.0970,64.0286,2010,0.0000,1.0000
2018-10-01,65.3900,65.4600,65.2759,65.3400,64.2676,3409,0.0000,1.0000
2018-09-28,64.9500,65.1380,64.9500,65.0000,63.9332,1789,0.0000,1.0000
2018-09-27,64.9600,65.1900,64.9240,65.1700,64.1004,3889,0.0000,1.0000
2018-09-26,65.5013,65.5013,65.1700,65.4900,64.4152,19204,0.0000,1.0000
2018-09-25,65.2000,65.2000,64.9800,64.9800,63.9136,1730,0.0000,1.0000
2018-09-24,64.6500,64.6500,64.3500,64.4532,63.3954,872,0.0000,1.0000
2018-09-21,64.7803,64.8493,64.6010,64.8493,63.7850,1853,0.0000,1.0000
2018-09-20,64.5900,64.5921,64.5416,64.5921,63.5320,597,0.0000,1.0000
2018-09-19,64.4300,64.6600,64.3700,64.3700,63.3136,1784,0.0000,1.0000
2018-09-18,63.7900,64.2000,63.7900,64.2000,63.1464,1200,0.0000,1.0000
2018-09-17,62.9500,63.0490,62.7200,62.7200,61.6906,5107,0.0000,1.0000
2018-09-14,62.6900,62.7300,62.4500,62.7300,61.7005,2009,0.0000,1.0000
2018-09-13,62.2900,62.2900,62.1600,62.1600,61.1398,914,0.0000,1.0000
2018-09-12,61.4313,61.5900,61.4313,61.5900,60.5792,630,0.0000,1.0000
2018-09-11,61.1900,61.4634,61.1792,61.4634,60.4547,1147,0.0000,1.0000
2018-09-10,61.4500,61.4500,61.2615,61.2700,60.2644,2849,0.0000,1.0000
2018-09-07,61.0300,61.2690,60.9600,61.0788,60.0764,4130,0.0000,1.0000
2018-09-06,61.2000,61.2100,61.2000,61.2000,60.1956,1412,0.0000,1.0000
2018-09-05,61.1300,61.2300,61.1300,61.2300,60.2251,989,0.0000,1.0000
2018-09-04,61.9234,62.1000,61.7900,61.8973,60.8814,95963,0.0000,1.0000
2018-08-31,62.8700,62.8700,62.5038,62.5038,61.4780,582,0.0000,1.0000
2018-08-30,62.5405,62.6596,62.3800,62.3800,61.3562,1199,0.0000,1.0000
2018-08-29,62.9699,62.9699,62.9218,62.9341,61.9012,1201,0.0000,1.0000
2018-08-28,62.8387,62.8387,62.8387,62.8387,61.8074,164,0.0000,1.0000
2018-08-27,62.7100,62.8387,62.7100,62.8387,61.8074,976,0.0000,1.0000
2018-08-24,62.0630,62.1200,62.0630,62.1200,61.1005,811,0.0000,1.0000
2018-08-23,61.7200,61.8500,61.7200,61.7501,60.7367,3484,0.0000,1.0000
2018-08-22,62.1200,62.1800,62.0380,62.0600,61.0415,4108,0.0000,1.0000
2018-08-21,61.7700,61.9008,61.7600,61.7650,60.7513,4075,0.0000,1.0000
2018-08-20,62.0000,62.0000,61.8482,61.9247,60.9084,1138,0.0000,1.0000
2018-08-17,61.6155,61.8506,61.6155,61.7897,60.7756,3002,0.0000,1.0000
2018-08-16,61.4600,61.5700,61.4300,61.5200,60.5103,7213,0.0000,1.0000
2018-08-15,61.0900,61.2200,60.9200,61.0500,60.0481,8110,0.0000,1.0000
2018-08-14,61.9528,61.9528,61.8700,61.8800,60.8644,1226,0.0000,1.0000
2018-08-13,61.8100,61.8400,61.5600,61.5867,60.5759,2929,0.0000,1.0000
2018-08-10,62.2400,62.2400,61.8700,61.8700,60.8546,794,0.0000,1.0000
2018-08-09,63.0200,63.0200,62.9800,62.9800,61.9464,2514,0.0000,1.0000
2018-08-08,63.2200,63.4100,63.0500,63.2876,62.2489,3756,0.0000,1.0000
2018-08-07,63.3500,63.3500,63.2340,63.2340,62.1962,843,0.0000,1.0000
2018-08-06,62.9436,62.9436,62.9436,62.9436,61.9106,488,0.0000,1.0000
2018-08-03,62.8600,63.1326,62.8600,63.1200,62.0841,3103,0.0000,1.0000
2018-08-02,63.3224,63.3224,63.3000,63.3000,62.2611,458,0.0000,1.0000
2018-08-01,63.6900,63.6900,63.5924,63.5924,62.5487,801,0.0000,1.0000
2018-07-31,63.3500,63.5594,63.3500,63.3800,62.3398,1587,0.0000,1.0000
2018-07-30,64.1400,64.1400,64.0019,64.0019,62.9515,654,0.0000,1.0000
2018-07-27,64.6400,64.6400,64.3100,64.3100,63.2546,2569,0.0000,1.0000
2018-07-26,64.2600,64.3299,64.0847,64.0847,63.0330,2060,0.0000,1.0000
2018-07-25,63.7200,63.7200,63.5900,63.6550,62.6103,3193,0.0000,1.0000
2018-07-24,63.5800,63.5800,63.3442,63.3900,62.3497,2635,0.0000,1.0000
2018-07-23,63.0557,63.2546,63.0500,63.1149,62.0791,961,0.0000,1.0000
2018-07-20,62.7101,62.8400,62.7101,62.7887,61.7582,903,0.0000,1.0000
2018-07-19,62.5126,62.7190,62.5126,62.7190,61.6897,959,0.0000,1.0000
2018-07-18,62.9300,62.9300,62.8760,62.8760,61.8441,915,0.0000,1.0000
2018-07-17,62.7200,62.8071,62.7100,62.7400,61.7103,1158,0.0000,1.0000
2018-07-16,62.3800,62.3800,62.3800,62.3800,61.3562,341,0.0000,1.0000
2018-07-13,62.1000,62.1000,62.1000,62.1000,61.0808,463,0.0000,1.0000
2018-07-12,61.7100,61.7100,61.6075,61.6075,60.5964,1406,0.0000,1.0000
2018-07-11,61.8700,61.9100,61.5925,61.7200,60.7071,27265,0.0000,1.0000
2018-07-10,62.5500,62.5700,62.4420,62.4420,61.4172,1272,0.0000,1.0000
2018-07-09,62.5500,62.7100,62.4700,62.6894,61.6605,26771,0.0000,1.0000
2018-07-06,61.9200,61.9200,61.9200,61.9200,60.9038,497,0.0000,1.0000
2018-07-05,61.5700,61.5800,61.3500,61.5800,60.5694,1432,0.0000,1.0000
2018-07-03,61.6400,61.8487,61.5800,61.5800,60.5694,1062,0.0000,1.0000
2018-07-02,61.5000,61.7400,61.5000,61.7400,60.7267,5398,0.0000,1.0000
2018-06-29,62.8550,62.9667,62.8550,62.8794,61.8474,752,0.0000,1.0000
2018-06-28,62.9103,63.0000,62.9103,63.0000,61.9661,3148,0.0000,1.0000
2018-06-27,63.5400,63.5400,63.0484,63.0484,62.0137,2392,0.0000,1.0000
2018-06-26,63.5640,63.5900,63.3149,63.4980,62.4559,5075,0.0000,1.0000
2018-06-25,63.1300,63.2371,62.9900,63.1100,62.0742,1894,0.0000,1.0000
2018-06-22,64.2100,64.2100,63.9600,63.9600,62.9103,1246,0.0000,1.0000
2018-06-21,63.6000,63.7321,63.6000,63.7321,62.6861,639,0.0000,1.0000
2018-06-20,64.1600,64.1600,63.8188,63.8200,62.7726,2146,0.0000,1.0000
2018-06-19,63.7200,63.7899,63.7000,63.7100,62.6644,1990,0.3717,1.0000
2018-06-18,64.8700,64.8700,64.7300,64.7700,63.3375,1532,0.0000,1.0000
2018-06-15,65.3700,65.5004,65.2200,65.3500,63.9046,1431,0.0000,1.0000
2018-06-14,65.7700,65.7900,65.7100,65.7380,64.2840,5387,0.0000,1.0000
2018-06-13,65.9800,65.9890,65.7410,65.7410,64.2870,1643,0.0000,1.0000
2018-06-12,65.8600,65.8600,65.6900,65.6900,64.2371,1535,0.0000,1.0000
2018-06-11,66.0500,66.0500,66.0500,66.0500,64.5891,1057,0.0000,1.0000
2018-06-08,65.5950,65.8600,65.5300,65.8600,64.4033,6285,0.0000,1.0000
2018-06-07,65.8354,65.8354,65.6600,65.7719,64.3172,1533,0.0000,1.0000
2018-06-06,65.3900,65.3900,65.3900,65.3900,63.9437,311,0.0000,1.0000
2018-06-05,65.4800,65.5000,65.3900,65.3900,63.9437,938,0.0000,1.0000
2018-06-04,65.8000,65.8000,65.5100,65.5637,64.1136,1861,0.0000,1.0000
2018-06-01,65.0200,65.4790,65.0200,65.2000,63.7579,6612,0.0000,1.0000
2018-05-31,64.7200,64.7200,64.7200,64.7200,63.2886,2640,0.0000,1.0000
2018-05-30,64.8184,65.1900,64.8184,65.1900,63.7482,2445,0.0000,1.0000
2018-05-29,64.8200,64.8200,64.7698,64.8200,63.3863,607,0.0000,1.0000
2018-05-25,65.3300,65.3300,65.0800,65.0800,63.6406,7697,0.0000,1.0000
2018-05-24,65.5100,65.5100,65.0300,65.2300,63.7873,2385,0.0000,1.0000
2018-05-23,65.6000,65.6600,65.4400,65.6500,64.1980,5333,0.0000,1.0000
2018-05-22,65.9490,65.9490,65.9146,65.9146,64.4567,729,0.0000,1.0000
2018-05-21,66.1000,66.1000,65.9500,66.0700,64.6087,3541,0.0000,1.0000
2018-05-18,65.9909,66.1400,65.9909,66.0500,64.5891,1148,0.0000,1.0000
2018-05-17,66.1800,66.2100,66.0799,66.1300,64.6674,4388,0.0000,1.0000
2018-05-16,65.9610,66.2900,65.9600,66.2300,64.7652,8587,0.0000,1.0000
2018-05-15,66.2400,66.2400,65.7800,65.8500,64.3936,7784,0.0000,1.0000
2018-05-14,66.7000,66.7000,66.5816,66.5816,65.1090,660,0.0000,1.0000
2018-05-11,66.4100,66.4100,66.2443,66.2443,64.7791,977,0.0000,1.0000
2018-05-10,65.6400,65.8272,65.6400,65.7216,64.2680,3125,0.0000,1.0000
2018-05-09,65.2000,65.3903,65.2000,65.3800,63.9340,1320,0.0000,1.0000
2018-05-08,65.7531,65.9800,65.7531,65.9800,64.5207,1258,0.0000,1.0000
2018-05-07,65.7200,65.7804,65.6600,65.7300,64.2762,2790,0.0000,1.0000
2018-05-04,65.5722,65.8122,65.5500,65.8122,64.3566,1280,0.0000,1.0000
2018-05-03,65.4487,65.4487,65.2700,65.2700,63.8264,539,0.0000,1.0000
2018-05-02,65.3500,65.3500,65.2400,65.2400,63.7971,4152,0.0000,1.0000
2018-05-01,65.6100,65.6899,65.4000,65.4661,64.0182,1207,0.0000,1.0000
2018-04-30,66.0300,66.1600,65.8000,65.8100,64.3545,3575,0.0000,1.0000
2018-04-27,65.9200,65.9283,65.8000,65.8400,64.3838,8245,0.0000,1.0000
2018-04-26,65.8900,66.0272,65.8728,66.0272,64.5668,1728,0.0000,1.0000
2018-04-25,65.4200,65.4550,65.2800,65.4550,64.0073,971,0.0000,1.0000
2018-04-24,65.6800,65.7144,65.6800,65.7144,64.2610,503,0.0000,1.0000
2018-04-23,65.5400,65.5888,65.4050,65.4750,64.0269,2938,0.0000,1.0000
2018-04-20,65.6901,65.8013,65.6501,65.6501,64.1981,743,0.0000,1.0000
2018-04-19,65.8300,65.9300,65.7600,65.8100,64.3545,3269,0.0000,1.0000
2018-04-18,66.1391,66.3071,66.1391,66.2800,64.8141,768,0.0000,1.0000
2018-04-17,65.6100,65.9249,65.6100,65.7800,64.3251,4420,0.0000,1.0000
2018-04-16,65.7500,65.7500,65.7500,65.7500,64.2958,469,0.0000,1.0000
2018-04-13,65.4719,65.4719,65.2500,65.2500,63.8068,6800,0.0000,1.0000
2018-04-12,65.2700,65.3500,65.2500,65.3100,63.8655,1143,0.0000,1.0000
2018-04-11,65.4400,65.8700,65.4400,65.4500,64.0024,8364,0.0000,1.0000
2018-04-10,65.9400,65.9400,65.5600,65.5600,64.1100,1055,0.0000,1.0000
2018-04-09,65.7282,65.9200,65.7282,65.8600,64.4033,144129,0.0000,1.0000
2018-04-06,65.2500,65.2500,64.5900,64.5900,63.1614,3122,0.0000,1.0000
2018-04-05,65.5100,65.9600,65.5100,65.8000,64.3447,9979,0.0000,1.0000
2018-04-04,64.3200,65.4918,64.3200,65.4918,64.0433,691,0.0000,1.0000
2018-04-03,65.2400,65.3800,64.9701,65.3800,63.9340,3262,0.0000,1.0000
2018-04-02,65.2200,65.2200,64.1700,64.4800,63.0539,10134,0.0000,1.0000
2018-03-29,65.9300,66.0000,65.8500,65.8720,64.4151,3670,0.0000,1.0000
2018-03-28,65.1100,65.2600,64.9868,65.1421,63.7013,2116,0.0000,1.0000
2018-03-27,65.3500,65.3500,64.2900,64.2900,62.8681,4776,0.0000,1.0000
2018-03-26,63.9700,64.0100,63.4500,64.0100,62.5943,2987,0.0000,1.0000
2018-03-23,64.1300,64.3300,63.2700,63.2700,61.8706,11097,0.0000,1.0000
2018-03-22,65.1600,65.2100,64.5400,64.5500,63.1223,5768,0.0000,1.0000
2018-03-21,65.0400,65.1400,65.0297,65.1300,63.6895,5188,0.0000,1.0000
2018-03-20,65.3200,65.3200,64.9500,65.1000,63.6602,3143,0.0000,1.0000
2018-03-19,65.4600,65.5550,64.9453,64.9453,63.5089,1837,0.0000,1.0000
2018-03-16,65.8010,65.8249,65.8010,65.8249,64.3690,1013,0.0000,1.0000
2018-03-15,66.3500,66.3500,66.1350,66.2600,64.7945,1836,0.0000,1.0000
2018-03-14,66.2700,66.2700,65.9000,65.9000,64.4425,3207,0.0000,1.0000
2018-03-13,66.3615,66.3615,65.6910,65.6910,64.2381,1795,0.0000,1.0000
2018-03-12,66.0000,66.0000,65.7500,65.7650,64.3104,3259,0.0000,1.0000
2018-03-09,65.3300,65.7610,65.3300,65.7610,64.3065,1653,0.0000,1.0000
2018-03-08,65.5164,65.5859,65.4744,65.5200,64.0709,4658,0.0000,1.0000
2018-03-07,65.1900,65.3450,64.9500,65.2300,63.7873,6407,0.0000,1.0000
2018-03-06,65.8700,65.9190,65.3500,65.6698,64.2174,3293,0.0000,1.0000
2018-03-05,64.9600,65.4703,64.9600,65.4703,64.0223,2736,0.0000,1.0000
2018-03-02,64.0600,64.8900,64.0100,64.8900,63.4548,7373,0.0000,1.0000
2018-03-01,65.3900,65.3900,64.3000,64.3000,62.8779,4446,0.0000,1.0000
2018-02-28,66.6331,66.6796,66.0600,66.0600,64.5989,1645,0.0000,1.0000
2018-02-27,67.0117,67.1050,66.8800,66.8800,65.4008,1404,0.0000,1.0000
2018-02-26,66.9700,67.5620,66.9700,67.5620,66.0677,4673,0.0000,1.0000
2018-02-23,66.2400,66.9199,66.0600,66.9199,65.4398,3819,0.0000,1.0000
2018-02-22,65.9400,66.0300,65.5900,65.6916,64.2387,2444,0.0000,1.0000
2018-02-21,66.2000,66.3467,65.6600,65.8900,64.4327,3658,0.0000,1.0000
2018-02-20,66.3700,66.7190,66.1500,66.2300,64.7652,2720,0.0000,1.0000
2018-02-16,66.3800,66.7000,66.3800,66.5701,65.0977,1326,0.0000,1.0000
2018-02-15,65.5800,65.7100,65.5800,65.7100,64.2567,1228,0.0000,1.0000
2018-02-14,64.2250,65.3100,64.2250,65.3100,63.8655,1751,0.0000,1.0000
2018-02-13,64.0700,64.4800,63.8300,64.3300,62.9072,4523,0.0000,1.0000
2018-02-12,64.7300,65.3312,64.7300,65.3312,63.8862,3330,0.0000,1.0000
2018-02-09,64.5500,64.5500,62.2500,64.2300,62.8094,8162,0.0000,1.0000
2018-02-08,65.4099,65.4099,63.5000,63.5000,62.0955,10540,0.0000,1.0000
2018-02-07,65.6000,65.9975,64.8200,65.6400,64.1882,11518,0.0000,1.0000
2018-02-06,64.9600,66.1381,63.8500,65.9900,64.5305,13597,0.0000,1.0000
2018-02-05,66.3500,66.7500,64.3100,64.5900,63.1614,10939,0.0000,1.0000
2018-02-02,68.2600,68.2600,67.6300,67.6300,66.1342,15530,0.0000,1.0000
2018-02-01,68.3900,68.6900,68.3900,68.6900,67.1708,3188,0.0000,1.0000
2018-01-31,68.4500,68.7000,68.1700,68.1700,66.6623,12135,0.0000,1.0000
2018-01-30,68.8100,68.8200,68.5100,68.7000,67.1805,21559,0.0000,1.0000
2018-01-29,69.6800,69.6800,69.4452,69.5500,68.0117,4852,0.0000,1.0000
2018-01-26,69.6984,70.1300,69.6984,70.0600,68.5105,11109,0.0000,1.0000
2018-01-25,69.8000,69.8039,69.3900,69.5900,68.0508,24972,0.0000,1.0000
2018-01-24,69.9300,70.1100,69.7600,69.9019,68.3559,23349,0.0000,1.0000
2018-01-23,69.8400,69.8600,69.6800,69.8600,68.3149,7037,0.0000,1.0000
2018-01-22,70.7800,70.7800,69.0200,69.3400,67.8064,37487,0.0000,1.0000
2018-01-19,68.9900,69.1400,68.8101,69.0400,67.5130,5730,0.0000,1.0000
2018-01-18,68.4000,68.6600,68.4000,68.5400,67.0241,8680,0.0000,1.0000
2018-01-17,68.8385,69.2800,68.8385,69.2600,67.7281,4462,0.0000,1.0000
2018-01-16,68.9400,69.0078,68.4775,68.4775,66.9630,5744,0.0000,1.0000
2018-01-12,68.0300,68.5499,68.0300,68.4699,66.9555,15255,0.0000,1.0000
2018-01-11,68.0200,68.3700,68.0200,68.3700,66.8578,7883,0.0000,1.0000
2018-01-10,67.8900,68.0500,67.8000,67.9459,66.4431,5539,0.0000,1.0000
2018-01-09,67.6300,67.6800,67.5641,67.6000,66.1049,6734,0.0000,1.0000
2018-01-08,67.5600,67.7200,67.4950,67.6600,66.1635,40299,0.0000,1.0000
2018-01-05,67.0200,67.2848,67.0200,67.1900,65.7039,7218,0.0000,1.0000
2018-01-04,66.9600,67.0940,66.9368,66.9700,65.4888,16909,0.0000,1.0000
2018-01-03,65.5700,66.1800,65.5700,66.1800,64.7163,2538,0.0000,1.0000
2018-01-02,65.1000,65.2800,65.0008,65.2800,63.8362,3235,0.0000,1.0000
2017-12-29,65.0700,65.0700,64.9000,64.9400,63.5037,3147,0.0000,1.0000
2017-12-28,65.0200,65.0200,64.8900,64.8900,63.4548,4425,0.0000,1.0000
2017-12-27,65.0000,65.0200,64.9900,65.0200,63.5819,1465,0.0000,1.0000
2017-12-26,65.0000,65.0500,64.9800,65.0300,63.5917,2722,0.0000,1.0000
2017-12-22,64.8300,64.9500,64.7800,64.9500,63.5135,2780,0.0000,1.0000
2017-12-21,64.7400,64.8400,64.7400,64.8400,63.4059,4250,0.6203,1.0000
2017-12-20,65.3739,65.3739,65.2210,65.2404,63.1929,5270,0.0000,1.0000
2017-12-19,65.3600,65.3600,65.0900,65.0900,63.0472,3534,0.0000,1.0000
2017-12-18,65.8000,65.8500,65.6800,65.7700,63.7058,26142,0.0000,1.0000
2017-12-15,65.0200,65.1621,65.0200,65.1621,63.1170,1382,0.0000,1.0000
2017-12-14,65.1700,65.2400,65.0100,65.0635,63.0215,3047,0.0000,1.0000
2017-12-13,65.1000,65.4500,65.0700,65.2600,63.2118,33542,0.0000,1.0000
2017-12-12,65.1150,65.1507,65.0800,65.1507,63.1060,8012,0.0000,1.0000
2017-12-11,64.8444,64.9400,64.8444,64.8961,62.8594,5695,0.0000,1.0000
2017-12-08,64.7400,64.8100,64.6334,64.7500,62.7179,16913,0.0000,1.0000
2017-12-07,64.5999,64.6768,64.5764,64.5900,62.5629,3475,0.0000,1.0000
2017-12-06,63.9300,64.1970,63.9000,64.1368,62.1239,4449,0.0000,1.0000
2017-12-05,64.4000,64.5200,64.3900,64.4120,62.3905,2560,0.0000,1.0000
2017-12-04,64.4400,64.4400,64.0600,64.0600,62.0495,3445,0.0000,1.0000
2017-12-01,64.7308,64.8400,64.4500,64.7150,62.6839,16853,0.0000,1.0000
2017-11-30,65.3300,65.3300,65.1900,65.2300,63.1828,1604,0.0000,1.0000
2017-11-29,65.2600,65.2900,64.9500,64.9953,62.9555,1704,0.0000,1.0000
2017-11-28,64.8200,65.0000,64.8200,65.0000,62.9600,6141,0.0000,1.0000
2017-11-27,65.0100,65.0100,64.8939,64.8939,62.8572,3841,0.0000,1.0000
2017-11-24,65.1700,65.1700,65.0862,65.0900,63.0472,1578,0.0000,1.0000
2017-11-22,64.6800,64.6900,64.4211,64.4900,62.4660,2816,0.0000,1.0000
2017-11-21,64.4000,64.5800,64.4000,64.5697,62.5432,2694,0.0000,1.0000
2017-11-20,64.0200,64.1200,63.9800,64.0900,62.0786,2247,0.0000,1.0000
2017-11-17,63.8800,63.8980,63.7800,63.8000,61.7977,2427,0.0000,1.0000
2017-11-16,63.7304,64.1200,63.7304,64.0904,62.0790,4767,0.0000,1.0000
2017-11-15,62.4800,63.0390,62.4800,62.9200,60.9453,7073,0.0000,1.0000
2017-11-14,63.6600,63.7200,63.5256,63.7200,61.7202,2735,0.0000,1.0000
2017-11-13,63.5100,63.8945,63.3300,63.8900,61.8848,4860,0.0000,1.0000
2017-11-10,64.2149,64.2367,64.1442,64.1700,62.1561,1837,0.0000,1.0000
2017-11-09,64.4400,64.6400,64.0300,64.6400,62.6113,9491,0.0000,1.0000
2017-11-08,65.2400,65.3300,65.2010,65.2010,63.1547,8242,0.0000,1.0000
2017-11-07,64.6100,64.7200,64.5400,64.7200,62.6888,6281,0.0000,1.0000
2017-11-06,64.0500,64.2400,63.9901,64.2124,62.1971,7809,0.0000,1.0000
2017-11-03,63.9700,64.0800,63.9700,64.0600,62.0495,2228,0.0000,1.0000
2017-11-02,63.9000,63.9100,63.7900,63.8720,61.8674,4275,0.0000,1.0000
2017-11-01,64.1000,64.1800,64.0050,64.0050,61.9962,19151,0.0000,1.0000
2017-10-31,63.4900,63.6700,63.4000,63.6400,61.6427,6559,0.0000,1.0000
2017-10-30,63.4700,63.4700,63.1500,63.2700,61.2843,52107,0.0000,1.0000
2017-10-27,63.1900,63.3400,63.1900,63.3320,61.3444,2638,0.0000,1.0000
2017-10-26,62.8600,62.9700,62.8600,62.9000,60.9259,1689,0.0000,1.0000
2017-10-25,62.7000,62.7300,62.4400,62.5699,60.6062,4294,0.0000,1.0000
2017-10-24,62.9400,63.1300,62.9300,63.1260,61.1448,7220,0.0000,1.0000
2017-10-23,62.6900,62.7500,62.5100,62.5100,60.5482,3590,0.0000,1.0000
2017-10-20,62.2080,62.2798,62.2080,62.2798,60.3252,2638,0.0000,1.0000
2017-10-19,62.0300,62.2172,62.0100,62.1996,60.2475,3772,0.0000,1.0000
2017-10-18,62.2684,62.3200,62.2612,62.2612,60.3072,1210,0.0000,1.0000
2017-10-17,62.4300,62.4300,62.2600,62.4000,60.4416,28959,0.0000,1.0000
2017-10-16,62.5000,62.5564,62.4000,62.4300,60.4707,4086,0.0000,1.0000
2017-10-13,62.0800,62.2200,62.0400,62.2000,60.2479,7463,0.0000,1.0000
2017-10-12,61.4800,61.5100,61.3900,61.4200,59.4924,6821,0.0000,1.0000
2017-10-11,61.4031,61.4800,61.3700,61.4800,59.5505,4099,0.0000,1.0000
2017-10-10,61.1002,61.1700,61.0700,61.1600,59.2405,48807,0.0000,1.0000
2017-10-09,60.8100,60.8100,60.7100,60.7248,58.8190,1602,0.0000,1.0000
2017-10-06,60.4400,60.5950,60.4200,60.5950,58.6933,2581,0.0000,1.0000
2017-10-05,60.6200,60.6800,60.5400,60.6537,58.7501,3908,0.0000,1.0000
2017-10-04,60.6800,60.7500,60.6300,60.7300,58.8240,8559,0.0000,1.0000
2017-10-03,60.4200,60.6700,60.4200,60.6500,58.7465,1452,0.0000,1.0000
2017-10-02,60.2200,60.3900,60.2200,60.3900,58.4947,578,0.0000,1.0000
2017-09-29,60.4100,60.4700,60.3030,60.4100,58.5141,4687,0.0000,1.0000
2017-09-28,60.2865,60.4090,60.2865,60.4090,58.5131,832,0.0000,1.0000
2017-09-27,60.0300,60.3030,60.0300,60.3030,58.4104,762,0.0000,1.0000
2017-09-26,60.2700,60.2700,60.1000,60.1400,58.2525,3526,0.0000,1.0000
2017-09-25,60.1477,60.1600,60.1477,60.1500,58.2622,859,0.0000,1.0000
2017-09-22,60.0000,60.0480,60.0000,60.0300,58.1460,871,0.0000,1.0000
2017-09-21,59.9475,60.0100,59.9475,59.9704,58.0883,8606,0.0000,1.0000
2017-09-20,60.3300,60.3300,60.2013,60.2013,58.3119,626,0.0000,1.0000
2017-09-19,60.2754,60.2754,60.1300,60.2600,58.3688,3644,0.0000,1.0000
2017-09-18,59.8550,59.8550,59.8550,59.8550,57.9765,341,0.0000,1.0000
2017-09-15,59.7100,59.8800,59.7100,59.8658,57.9869,1040,0.0000,1.0000
2017-09-14,59.6600,59.9000,59.6600,59.9000,58.0201,6093,0.0000,1.0000
2017-09-13,60.0200,60.0300,59.8700,59.8700,57.9910,2532,0.0000,1.0000
2017-09-12,59.9700,60.0500,59.9700,60.0100,58.1266,767,0.0000,1.0000
2017-09-11,60.0700,60.1000,59.9600,59.9600,58.0782,1028,0.0000,1.0000
2017-09-08,59.7500,59.7797,59.7500,59.7700,57.8941,761,0.0000,1.0000
2017-09-07,59.5700,59.6500,59.4719,59.4942,57.6270,2307,0.0000,1.0000
2017-09-06,59.1900,59.2900,59.1600,59.1800,57.3227,13720,0.0000,1.0000
2017-09-05,59.0200,59.0200,58.8460,58.8460,56.9991,865,0.0000,1.0000
2017-09-01,59.3600,59.3900,59.3000,59.3400,57.4776,646,0.0000,1.0000
2017-08-31,59.2700,59.4312,59.2500,59.4312,57.5660,559,0.0000,1.0000
2017-08-30,58.9500,58.9500,58.9500,58.9500,57.0999,1273,0.0000,1.0000
2017-08-29,59.1700,59.2900,59.1000,59.1700,57.3130,18736,0.0000,1.0000
2017-08-28,59.2900,59.2900,59.1905,59.2800,57.4195,1445,0.0000,1.0000
2017-08-25,59.0500,59.1700,59.0500,59.1100,57.2549,701,0.0000,1.0000
2017-08-24,59.0200,59.0200,58.9500,58.9500,57.0999,912,0.0000,1.0000
2017-08-23,59.1400,59.2430,59.1200,59.1398,57.2837,1484,0.0000,1.0000
2017-08-22,59.1200,59.2500,59.1200,59.2400,57.3808,1441,0.0000,1.0000
2017-08-21,58.8400,59.1400,58.8400,59.1000,57.2452,1786,0.0000,1.0000
2017-08-18,59.2357,59.2800,59.1600,59.2500,57.3905,1179,0.0000,1.0000
2017-08-17,59.3800,59.3800,59.0800,59.0800,57.2258,11851,0.0000,1.0000
2017-08-16,59.2300,59.5400,59.2300,59.4100,57.5454,30064,0.0000,1.0000
2017-08-15,59.3500,59.3500,59.1863,59.2290,57.3701,4399,0.0000,1.0000
2017-08-14,59.1700,59.3000,59.1700,59.3000,57.4389,1202,0.0000,1.0000
2017-08-11,59.0000,59.0700,58.9620,59.0496,57.1964,7171,0.0000,1.0000
2017-08-10,59.4100,59.4100,58.9700,59.0200,57.1677,5048,0.0000,1.0000
2017-08-09,59.6100,59.6100,59.5260,59.6000,57.7295,1535,0.0000,1.0000
2017-08-08,59.9900,60.0200,59.9645,60.0000,58.1169,1001,0.0000,1.0000
2017-08-07,59.8700,60.0380,59.8700,60.0380,58.1537,941,0.0000,1.0000
2017-08-04,60.1100,60.1100,60.0400,60.0400,58.1557,626,0.0000,1.0000
2017-08-03,60.0720,60.0720,60.0496,60.0508,58.1661,715,0.0000,1.0000
2017-08-02,59.9896,59.9896,59.9100,59.9100,58.0298,440,0.0000,1.0000
2017-08-01,59.9900,60.0446,59.9500,59.9500,58.0685,1180,0.0000,1.0000
2017-07-31,59.4636,59.5500,59.4600,59.5000,57.6326,2341,0.0000,1.0000
2017-07-28,59.1500,59.3400,59.1500,59.2600,57.4002,2502,0.0000,1.0000
2017-07-27,59.1800,59.2300,59.1600,59.2300,57.3711,1703,0.0000,1.0000
2017-07-26,58.7800,58.9028,58.7399,58.9028,57.0542,571,0.0000,1.0000
2017-07-25,58.9100,59.0000,58.8600,58.8600,57.0127,5665,0.0000,1.0000
2017-07-24,59.0737,59.0737,58.9997,58.9997,57.1480,469,0.0000,1.0000
2017-07-21,59.0100,59.0100,59.0100,59.0100,57.1580,532,0.0000,1.0000
2017-07-20,59.0000,59.0499,59.0000,59.0499,57.1966,510,0.0000,1.0000
2017-07-19,58.7600,58.7600,58.7505,58.7505,56.9066,753,0.0000,1.0000
2017-07-18,58.5400,58.5700,58.4997,58.5700,56.7318,653,0.0000,1.0000
2017-07-17,58.4700,58.5000,58.2945,58.2945,56.4650,4549,0.0000,1.0000
2017-07-14,58.5500,58.5500,58.2800,58.3500,56.5187,15877,0.0000,1.0000
2017-07-13,58.1400,58.2100,58.0300,58.2100,56.3831,3647,0.0000,1.0000
2017-07-12,58.1600,58.3000,58.1600,58.3000,56.4703,2047,0.0000,1.0000
2017-07-11,57.7100,57.8700,57.7100,57.8700,56.0538,463,0.0000,1.0000
2017-07-10,57.5850,57.5850,57.5000,57.5000,55.6954,437,0.0000,1.0000
2017-07-07,57.4700,57.5900,57.3700,57.5784,55.7713,2974,0.0000,1.0000
2017-07-06,57.8100,57.8100,57.5900,57.6900,55.8794,1760,0.0000,1.0000
2017-07-05,57.9924,58.0078,57.9924,58.0078,56.1873,1348,0.0000,1.0000
2017-07-03,58.2052,58.2052,58.1000,58.1700,56.3444,17596,0.0000,1.0000
2017-06-30,58.4700,58.4710,58.2300,58.3038,56.4740,2623,0.0000,1.0000
2017-06-29,58.4900,58.5300,58.0600,58.1265,56.3022,13221,0.0000,1.0000
2017-06-28,58.4700,58.5842,58.4700,58.5842,56.7456,649,0.0000,1.0000
2017-06-27,58.4815,58.4815,58.3600,58.3600,56.5284,2868,0.0000,1.0000
2017-06-26,58.7500,58.7500,58.5650,58.5650,56.7270,1337,0.0000,1.0000
2017-06-23,58.5400,58.6594,58.5400,58.6050,56.7657,2808,0.0000,1.0000
2017-06-22,58.6200,58.6900,58.6200,58.6491,56.8084,1389,0.0000,1.0000
2017-06-21,58.5800,58.6871,58.5500,58.5710,56.7328,7012,0.0000,1.0000
2017-06-20,58.7600,58.7600,58.6700,58.7600,56.9158,1745,0.3564,1.0000
2017-06-19,59.0000,59.1390,58.9400,59.0124,56.8158,3989,0.0000,1.0000
2017-06-16,58.7673,58.7800,58.7621,58.7800,56.5920,1122,0.0000,1.0000
2017-06-15,58.5600,58.6587,58.4887,58.6587,56.4752,1605,0.0000,1.0000
2017-06-14,59.3666,59.3666,59.2600,59.2600,57.0541,439,0.0000,1.0000
2017-06-13,59.2300,59.3100,59.1200,59.3100,57.1023,40412,0.0000,1.0000
2017-06-12,58.9099,59.0400,58.8500,59.0400,56.8423,10801,0.0000,1.0000
2017-06-09,58.7900,58.9728,58.5992,58.7000,56.5150,3973,0.0000,1.0000
2017-06-08,59.2600,59.2753,59.2500,59.2753,57.0689,3227,0.0000,1.0000
2017-06-07,59.5900,59.6299,59.4700,59.4700,57.2563,3598,0.0000,1.0000
2017-06-06,59.4997,59.4997,59.4997,59.4997,57.2849,176,0.0000,1.0000
2017-06-05,59.4700,59.5400,59.4600,59.4600,57.2467,10810,0.0000,1.0000
2017-06-02,59.3800,59.6500,59.2900,59.6299,57.4103,6915,0.0000,1.0000
2017-06-01,58.2800,58.4911,58.2800,58.3655,56.1929,12870,0.0000,1.0000
2017-05-31,57.8800,57.9632,57.8800,57.9400,55.7833,2722,0.0000,1.0000
2017-05-30,57.8700,57.9400,57.8500,57.9000,55.7448,3952,0.0000,1.0000
2017-05-26,57.5500,57.7100,57.5500,57.7100,55.5618,6301,0.0000,1.0000
2017-05-25,57.7000,57.8200,57.7000,57.7401,55.5908,1699,0.0000,1.0000
2017-05-24,57.5640,57.5640,57.5500,57.5600,55.4174,1859,0.0000,1.0000
2017-05-23,57.7738,57.7800,57.7738,57.7800,55.6292,468,0.0000,1.0000
2017-05-22,57.7100,57.7900,57.7100,57.7376,55.5884,3765,0.0000,1.0000
2017-05-19,57.6688,57.7900,57.6688,57.7900,55.6389,1361,0.0000,1.0000
2017-05-18,57.1100,57.2800,57.1099,57.2500,55.1190,2326,0.0000,1.0000
2017-05-17,57.0799,57.1299,57.0386,57.1004,54.9749,1629,0.0000,1.0000
2017-05-16,57.0500,57.1200,57.0400,57.1100,54.9842,2782,0.0000,1.0000
2017-05-15,57.1709,57.1799,57.0800,57.1098,54.9840,2190,0.0000,1.0000
2017-05-12,56.9653,56.9653,56.9260,56.9260,54.8070,688,0.0000,1.0000
2017-05-11,56.9100,56.9100,56.7972,56.8231,54.7079,1763,0.0000,1.0000
2017-05-10,56.9476,56.9476,56.9476,56.9476,54.8278,515,0.0000,1.0000
2017-05-09,57.4390,57.4390,57.4390,57.4390,55.3009,227,0.0000,1.0000
2017-05-08,57.4900,57.5600,57.3600,57.4390,55.3009,12990,0.0000,1.0000
2017-05-05,57.1100,57.2300,57.1100,57.2200,55.0901,2171,0.0000,1.0000
2017-05-04,56.8600,56.9600,56.7700,56.9600,54.8397,4242,0.0000,1.0000
2017-05-03,56.7000,56.8851,56.6940,56.8700,54.7531,10189,0.0000,1.0000
2017-05-02,56.7697,56.7697,56.6500,56.6600,54.5509,1541,0.0000,1.0000
2017-05-01,56.6000,56.6000,56.5958,56.5958,54.4891,579,0.0000,1.0000
2017-04-28,56.5000,56.5000,56.3800,56.3800,54.2813,5338,0.0000,1.0000
2017-04-27,56.6360,56.6360,56.6360,56.6360,54.5278,246,0.0000,1.0000
2017-04-26,56.7292,56.7292,56.6000,56.6200,54.5124,6872,0.0000,1.0000
2017-04-25,56.5600,56.6000,56.5524,56.5946,54.4880,856,0.0000,1.0000
2017-04-24,56.2200,56.3400,56.2200,56.2601,54.1659,5865,0.0000,1.0000
2017-04-21,55.9447,55.9950,55.9447,55.9950,53.9107,453,0.0000,1.0000
2017-04-20,55.7400,55.7400,55.7400,55.7400,53.6652,129,0.0000,1.0000
2017-04-19,55.5222,55.5222,55.3900,55.3900,53.3282,446,0.0000,1.0000
2017-04-18,55.4200,55.4244,55.3600,55.4244,53.3613,1125,0.0000,1.0000
2017-04-17,55.4800,55.4800,55.4800,55.4800,53.4148,393,0.0000,1.0000
2017-04-13,55.1400,55.1400,55.0700,55.0700,53.0201,632,0.0000,1.0000
2017-04-12,55.4300,55.5100,55.4300,55.4600,53.3956,2213,0.0000,1.0000
2017-04-11,55.5700,55.6400,55.4300,55.6400,53.5689,3459,0.0000,1.0000
2017-04-10,55.4133,55.4192,55.4133,55.4192,53.3563,265,0.0000,1.0000
2017-04-07,55.3000,55.3000,55.3000,55.3000,53.2415,78,0.0000,1.0000
2017-04-06,55.2100,55.3300,55.1800,55.3000,53.2415,3643,0.0000,1.0000
2017-04-05,55.9500,56.0100,55.7200,55.7200,53.6459,18529,0.0000,1.0000
2017-04-04,56.1450,56.1450,56.1450,56.1450,54.0551,178,0.0000,1.0000
2017-04-03,55.9100,56.1450,55.9100,56.1450,54.0551,2009,0.0000,1.0000
2017-03-31,55.8405,55.8599,55.8400,55.8400,53.7614,1211,0.0000,1.0000
2017-03-30,56.4699,56.4800,56.4163,56.4800,54.3776,2019,0.0000,1.0000
2017-03-29,56.7611,56.7900,56.7611,56.7900,54.6761,745,0.0000,1.0000
2017-03-28,56.6400,56.9800,56.6400,56.9800,54.8590,1824,0.0000,1.0000
2017-03-27,55.9900,56.4000,55.9900,56.4000,54.3006,1768,0.0000,1.0000
2017-03-24,56.3200,56.5301,56.3200,56.4230,54.3227,1384,0.0000,1.0000
2017-03-23,56.0104,56.1041,56.0104,56.0524,53.9659,973,0.0000,1.0000
2017-03-22,55.8600,55.9400,55.8600,55.9400,53.8577,664,0.0000,1.0000
2017-03-21,56.4800,56.4800,56.0267,56.0267,53.9412,5138,0.0000,1.0000
2017-03-20,56.5100,56.5100,56.3200,56.4400,54.3391,1710,0.0000,1.0000
2017-03-17,56.3600,56.3600,56.3600,56.3600,54.2621,453,0.0000,1.0000
2017-03-16,56.6000,56.6000,56.1800,56.1800,54.0888,8935,0.0000,1.0000
2017-03-15,55.9100,55.9100,55.9100,55.9100,53.8288,443,0.0000,1.0000
2017-03-14,55.8600,55.8600,55.7000,55.7000,53.6267,1356,0.0000,1.0000
2017-03-13,55.9800,55.9800,55.9800,55.9800,53.8962,209,0.0000,1.0000
2017-03-10,55.6600,55.8790,55.6600,55.8790,53.7990,2506,0.0000,1.0000
2017-03-09,55.4390,55.4390,55.3175,55.3175,53.2584,625,0.0000,1.0000
2017-03-08,55.6200,55.6200,55.3815,55.3815,53.3200,2057,0.0000,1.0000
2017-03-07,55.6800,55.6800,55.5900,55.5900,53.5207,755,0.0000,1.0000
2017-03-06,55.5800,55.6800,55.5800,55.6500,53.5785,1216,0.0000,1.0000
2017-03-03,55.8800,55.8800,55.6600,55.7516,53.6763,2387,0.0000,1.0000
2017-03-02,56.0400,56.0400,55.7500,55.7500,53.6748,1172,0.0000,1.0000
2017-03-01,56.1789,56.3900,56.1300,56.3900,54.2910,3590,0.0000,1.0000
2017-02-28,55.7800,55.8000,55.6518,55.6800,53.6074,8325,0.0000,1.0000
2017-02-27,55.6500,55.7800,55.6300,55.7700,53.6940,8135,0.0000,1.0000
2017-02-24,55.9300,55.9900,55.8800,55.9900,53.9059,1167,0.0000,1.0000
2017-02-23,56.1700,56.2000,56.1400,56.1400,54.0503,2902,0.0000,1.0000
2017-02-22,56.1000,56.1800,56.0500,56.1400,54.0503,1415,0.0000,1.0000
2017-02-21,55.9700,56.2199,55.9700,56.1758,54.0847,5844,0.0000,1.0000
2017-02-17,55.5126,55.6345,55.5126,55.6272,53.5566,1413,0.0000,1.0000
2017-02-16,55.5200,55.6682,55.4150,55.6227,53.5522,15542,0.0000,1.0000
2017-02-15,55.4200,55.5900,55.2901,55.5900,53.5207,2869,0.0000,1.0000
2017-02-14,55.2600,55.5504,55.2600,55.5504,53.4826,394,0.0000,1.0000
2017-02-13,55.7610,56.0300,55.7610,56.0200,53.9347,5963,0.0000,1.0000
2017-02-10,55.6100,55.7622,55.5500,55.7000,53.6267,3508,0.0000,1.0000
2017-02-09,55.2100,55.3500,55.2100,55.3233,53.2640,1133,0.0000,1.0000
2017-02-08,55.3600,55.4115,55.2800,55.3300,53.2704,1540,0.0000,1.0000
2017-02-07,55.1551,55.1551,55.1551,55.1551,53.1020,185,0.0000,1.0000
2017-02-06,55.0500,55.1700,55.0500,55.1400,53.0875,829,0.0000,1.0000
2017-02-03,55.0100,55.2994,55.0100,55.2600,53.2030,2732,0.0000,1.0000
2017-02-02,54.9645,55.0500,54.9645,55.0500,53.0008,1293,0.0000,1.0000
2017-02-01,55.0825,55.2888,55.0555,55.2183,53.1629,3689,0.0000,1.0000
2017-01-31,54.8200,54.8200,54.6200,54.7700,52.7313,1759,0.0000,1.0000
2017-01-30,54.6961,54.8900,54.6961,54.8900,52.8468,678,0.0000,1.0000
2017-01-27,55.2900,55.2900,54.9900,54.9900,52.9431,231,0.0000,1.0000
2017-01-26,55.5000,55.6250,55.4281,55.5498,53.4820,1599,0.0000,1.0000
2017-01-25,55.0000,55.4100,55.0000,55.4100,53.3474,2106,0.0000,1.0000
2017-01-24,54.3100,54.9000,54.3100,54.8800,52.8372,15791,0.0000,1.0000
2017-01-23,54.6100,54.7500,54.5200,54.6899,52.6542,11995,0.0000,1.0000
2017-01-20,54.6000,54.6500,54.4926,54.4926,52.4642,2925,0.0000,1.0000
2017-01-19,54.3310,54.3310,54.1846,54.1846,52.1677,867,0.0000,1.0000
2017-01-18,54.3970,54.3970,54.3427,54.3427,52.3199,423,0.0000,1.0000
2017-01-17,54.6400,54.6400,54.2901,54.3150,52.2932,11265,0.0000,1.0000
2017-01-13,54.8931,54.9950,54.8931,54.9900,52.9431,1557,0.0000,1.0000
2017-01-12,54.6700,54.7499,54.4500,54.7499,52.7119,1969,0.0000,1.0000
2017-01-11,54.6186,54.6643,54.6186,54.6643,52.6295,816,0.0000,1.0000
2017-01-10,54.5524,54.5524,54.4100,54.4100,52.3847,2272,0.0000,1.0000
2017-01-09,54.5600,54.5929,54.5326,54.5326,52.5027,2550,0.0000,1.0000
2017-01-06,54.6199,54.6199,54.5501,54.5540,52.5233,375,0.0000,1.0000
2017-01-05,54.6300,54.7019,54.6300,54.6677,52.6328,6310,0.0000,1.0000
2017-01-04,54.0980,54.2500,54.0570,54.2500,52.2306,52079,0.0000,1.0000
2017-01-03,53.0800,53.1200,53.0200,53.0240,51.0503,4677,0.0000,1.0000
2016-12-30,53.0600,53.0600,52.7950,53.0200,51.0464,8206,0.0000,1.0000
2016-12-29,52.9600,52.9600,52.7508,52.7508,50.7872,1722,0.0000,1.0000
2016-12-28,53.4300,53.4410,53.3000,53.4400,51.4508,1561,0.0000,1.0000
2016-12-27,53.4800,53.4800,53.3700,53.4342,51.4452,1702,0.0000,1.0000
2016-12-23,53.6800,53.7130,53.5810,53.5810,51.5865,752,0.0000,1.0000
2016-12-22,53.5420,53.5700,53.4702,53.5700,51.5759,1171,0.7118,1.0000
2016-12-21,54.2500,54.4400,54.2500,54.2549,51.5503,4432,0.0000,1.0000
2016-12-20,54.6313,54.6700,54.6200,54.6200,51.8972,6292,0.0000,1.0000
2016-12-19,54.4100,54.5700,54.3900,54.5000,51.7832,37957,0.0000,1.0000
2016-12-16,54.0000,54.1919,53.9800,54.0125,51.3200,19683,0.0000,1.0000
2016-12-15,54.4200,54.4905,54.4200,54.4300,51.7167,1439,0.0000,1.0000
2016-12-14,54.7893,54.8800,54.7893,54.8800,52.1443,629,0.0000,1.0000
2016-12-13,55.3400,55.3750,55.2600,55.3750,52.6146,1825,0.0000,1.0000
2016-12-12,55.0099,55.0099,54.7600,54.7600,52.0303,1898,0.0000,1.0000
2016-12-09,55.1000,55.2300,55.1000,55.2300,52.4768,1520,0.0000,1.0000
2016-12-08,54.9200,55.1853,54.9200,55.1688,52.4187,8298,0.0000,1.0000
2016-12-07,54.1700,54.5500,54.1601,54.5500,51.8307,3150,0.0000,1.0000
2016-12-06,53.5800,53.8900,53.5700,53.8000,51.1181,13856,0.0000,1.0000
2016-12-05,53.6100,53.7500,53.6100,53.6700,50.9946,2163,0.0000,1.0000
2016-12-02,53.3472,53.6200,53.3472,53.6200,50.9471,6133,0.0000,1.0000
2016-12-01,53.5744,53.6700,53.4500,53.5000,50.8331,16301,0.0000,1.0000
2016-11-30,54.3100,54.3100,53.9700,53.9800,51.2891,5301,0.0000,1.0000
2016-11-29,54.1149,54.2637,54.1149,54.1400,51.4412,3178,0.0000,1.0000
2016-11-28,53.8748,53.9864,53.8748,53.9500,51.2606,29453,0.0000,1.0000
2016-11-25,53.5626,53.5626,53.5626,53.5626,50.8926,236,0.0000,1.0000
2016-11-23,53.9999,54.0371,53.7900,54.0371,51.3434,698,0.0000,1.0000
2016-11-22,54.0100,54.1200,53.9490,53.9490,51.2597,22981,0.0000,1.0000
2016-11-21,53.8739,53.8739,53.8025,53.8414,51.1575,978,0.0000,1.0000
2016-11-18,53.5800,53.6400,53.5000,53.5200,50.8521,2570,0.0000,1.0000
2016-11-17,54.2100,54.4000,54.1400,54.4000,51.6882,8088,0.0000,1.0000
2016-11-16,53.8800,53.9000,53.6400,53.6400,50.9661,5636,0.0000,1.0000
2016-11-15,53.7800,53.8500,53.7700,53.8400,51.1561,5302,0.0000,1.0000
2016-11-14,53.5800,53.7900,53.5110,53.7000,51.0231,2947,0.0000,1.0000
2016-11-11,53.7299,53.7600,53.5400,53.6700,50.9946,13102,0.0000,1.0000
2016-11-10,53.8400,53.8568,53.6100,53.8568,51.1721,2374,0.0000,1.0000
2016-11-09,53.3900,53.9600,53.3900,53.8300,51.1466,24444,0.0000,1.0000
2016-11-08,53.8800,54.1600,53.8000,53.9700,51.2796,27503,0.0000,1.0000
2016-11-07,54.0200,54.1500,54.0200,54.1500,51.4507,2145,0.0000,1.0000
2016-11-04,53.8501,54.0000,53.7900,53.8300,51.1466,10569,0.0000,1.0000
2016-11-03,54.5300,54.5300,54.3900,54.4100,51.6977,6862,0.0000,1.0000
2016-11-02,54.3600,54.4799,54.3500,54.3700,51.6597,155217,0.0000,1.0000
2016-11-01,54.8100,54.8100,54.5100,54.6696,51.9444,2052,0.0000,1.0000
2016-10-31,54.8500,54.9300,54.8500,54.9300,52.1918,2302,0.0000,1.0000
2016-10-28,54.7300,54.7540,54.6425,54.7300,52.0018,6752,0.0000,1.0000
2016-10-27,54.7201,54.7596,54.7200,54.7200,51.9923,454,0.0000,1.0000
2016-10-26,54.6800,54.6800,54.6000,54.6086,51.8864,596,0.0000,1.0000
2016-10-25,54.5100,54.6566,54.5100,54.6400,51.9162,1272,0.0000,1.0000
2016-10-24,54.5464,54.5800,54.5300,54.5800,51.8592,359,0.0000,1.0000
2016-10-21,54.4500,54.5100,54.4500,54.5080,51.7908,1127,0.0000,1.0000
2016-10-20,54.4500,54.6060,54.3500,54.4900,51.7737,2917,0.0000,1.0000
2016-10-19,54.0400,54.2000,54.0400,54.1450,51.4459,993,0.0000,1.0000
2016-10-18,53.9600,53.9600,53.9070,53.9092,51.2219,494,0.0000,1.0000
2016-10-17,53.5100,53.5906,53.5000,53.5120,50.8445,3375,0.0000,1.0000
2016-10-14,53.5620,53.5620,53.5620,53.5620,50.8920,270,0.0000,1.0000
2016-10-13,53.2600,53.5100,53.2600,53.4400,50.7761,5584,0.0000,1.0000
2016-10-12,53.4800,53.4800,53.4800,53.4800,50.8141,500,0.0000,1.0000
2016-10-11,53.7899,53.7899,53.6094,53.6094,50.9370,980,0.0000,1.0000
2016-10-10,53.9400,53.9400,53.9400,53.9400,51.2511,66,0.0000,1.0000
2016-10-07,54.0100,54.0100,53.8901,53.9400,51.2511,3689,0.0000,1.0000
2016-10-06,53.9470,54.0390,53.8600,53.8600,51.1751,21271,0.0000,1.0000
2016-10-05,54.1610,54.2800,54.1610,54.2800,51.5742,4688,0.0000,1.0000
2016-10-04,54.1800,54.2600,53.8990,53.9500,51.2606,24611,0.0000,1.0000
2016-10-03,54.1600,54.2500,54.1140,54.1700,51.4697,6578,0.0000,1.0000
2016-09-30,54.3297,54.4800,54.1900,54.3300,51.6217,2236,0.0000,1.0000
2016-09-29,54.6400,54.6400,54.3900,54.4700,51.7547,2792,0.0000,1.0000
2016-09-28,54.8000,54.8200,54.5700,54.8078,52.0757,8266,0.0000,1.0000
2016-09-27,54.7200,54.9624,54.7100,54.9624,52.2226,6271,0.0000,1.0000
2016-09-26,54.1900,54.2600,54.1800,54.1800,51.4792,2236,0.0000,1.0000
2016-09-23,54.7800,54.8100,54.7800,54.7800,52.0493,2458,0.0000,1.0000
2016-09-22,55.5900,55.7900,55.5360,55.5700,52.7999,3631,0.0000,1.0000
2016-09-21,53.1700,53.1700,53.1700,53.1700,50.5195,6,0.0000,1.0000
2016-09-20,53.2700,53.3400,53.1700,53.1700,50.5195,34882,0.0000,1.0000
2016-09-19,52.7046,52.7179,52.6000,52.6000,49.9779,756,0.0000,1.0000
2016-09-16,52.2400,52.2540,52.2000,52.2540,49.6492,912,0.0000,1.0000
2016-09-15,52.2100,52.2100,52.2100,52.2100,49.6074,218,0.0000,1.0000
2016-09-14,52.3800,52.6550,52.3300,52.3700,49.7594,13542,0.0000,1.0000
2016-09-13,52.7700,52.7700,52.6200,52.6200,49.9969,2102,0.0000,1.0000
2016-09-12,53.2100,53.7000,53.1900,53.6800,51.0041,8926,0.0000,1.0000
2016-09-09,53.6200,53.6200,53.3100,53.3100,50.6525,1921,0.0000,1.0000
2016-09-08,54.0830,54.1272,54.0800,54.0970,51.4003,959,0.0000,1.0000
2016-09-07,54.4512,54.4512,54.4401,54.4401,51.7263,1403,0.0000,1.0000
2016-09-06,53.8261,54.1654,53.8261,54.1000,51.4032,3934,0.0000,1.0000
2016-09-02,53.7100,53.7100,53.6700,53.6960,51.0193,543,0.0000,1.0000
2016-09-01,53.4580,53.5700,53.3600,53.5700,50.8996,3763,0.0000,1.0000
2016-08-31,53.0899,53.1170,53.0000,53.0000,50.3580,1239,0.0000,1.0000
2016-08-30,53.0000,53.0600,52.9352,52.9800,50.3390,29480,0.0000,1.0000
2016-08-29,52.9200,52.9984,52.8600,52.9584,50.3185,14071,0.0000,1.0000
2016-08-26,53.1800,53.1800,53.1800,53.1800,50.5290,298,0.0000,1.0000
2016-08-25,53.1801,53.1801,53.1691,53.1691,50.5187,356,0.0000,1.0000
2016-08-24,53.3150,53.4300,53.3150,53.3612,50.7012,12813,0.0000,1.0000
2016-08-23,53.2550,53.6000,53.2500,53.5000,50.8331,269728,0.0000,1.0000
2016-08-22,53.1000,53.1700,53.0900,53.1500,50.5005,75416,0.0000,1.0000
2016-08-19,52.9300,52.9300,52.9300,52.9300,50.2915,1162,0.0000,1.0000
2016-08-18,53.0940,53.2300,53.0940,53.2200,50.5670,769,0.0000,1.0000
2016-08-17,53.2646,53.2700,53.2646,53.2700,50.6145,421,0.0000,1.0000
2016-08-16,53.2286,53.2286,53.2286,53.2286,50.5752,404,0.0000,1.0000
2016-08-15,53.5600,53.7900,53.5500,53.5801,50.9092,5038,0.0000,1.0000
2016-08-12,53.6860,53.6860,53.6860,53.6860,51.0098,137,0.0000,1.0000
2016-08-11,53.5500,53.7061,53.5500,53.6860,51.0098,29304,0.0000,1.0000
2016-08-10,53.6000,53.6000,53.2300,53.2500,50.5955,11237,0.0000,1.0000
2016-08-09,52.8800,53.0180,52.8800,52.9760,50.3352,4425,0.0000,1.0000
2016-08-08,52.6100,52.6100,52.5000,52.5000,49.8829,1060,0.0000,1.0000
2016-08-05,52.3200,52.3700,52.3200,52.3700,49.7594,3076,0.0000,1.0000
2016-08-04,51.9300,52.2500,51.8800,52.2500,49.6454,5599,0.0000,1.0000
2016-08-03,51.8000,51.8000,51.8000,51.8000,49.2178,84,0.0000,1.0000
2016-08-02,51.6370,51.8000,51.6000,51.8000,49.2178,7989,0.0000,1.0000
2016-08-01,52.5366,52.5366,52.4900,52.4950,49.8782,733,0.0000,1.0000
2016-07-29,52.4800,52.5200,52.3301,52.4400,49.8259,38268,0.0000,1.0000
2016-07-28,51.2300,51.3800,51.2200,51.2401,48.6858,10772,0.0000,1.0000
2016-07-27,51.7000,51.9099,51.5500,51.5600,48.9898,323212,0.0000,1.0000
2016-07-26,51.5400,51.6500,51.3900,51.5000,48.9328,5822,0.0000,1.0000
2016-07-25,51.4300,51.5100,51.3600,51.3700,48.8093,5674,0.0000,1.0000
2016-07-22,51.4989,51.5400,51.4200,51.5400,48.9708,60605,0.0000,1.0000
2016-07-21,51.2695,51.3200,51.2500,51.3200,48.7617,1162,0.0000,1.0000
2016-07-20,51.6100,51.9160,51.6100,51.8211,49.2379,2678,0.0000,1.0000
2016-07-19,51.2200,51.4180,51.2200,51.2716,48.7158,8555,0.0000,1.0000
2016-07-18,51.3900,51.7200,51.3900,51.6700,49.0943,26100,0.0000,1.0000
2016-07-15,51.6700,51.6700,51.2800,51.2800,48.7237,7858,0.0000,1.0000
2016-07-14,51.6760,51.6760,51.6760,51.6760,49.1000,431,0.0000,1.0000
2016-07-13,51.7400,51.8200,51.5100,51.7800,49.1988,10510,0.0000,1.0000
2016-07-12,51.8170,51.8170,51.8001,51.8001,49.2179,557,0.0000,1.0000
2016-07-11,51.5000,51.7640,51.5000,51.7640,49.1836,10641,0.0000,1.0000
2016-07-08,49.9400,50.5000,49.9400,50.5000,47.9826,11976,0.0000,1.0000
2016-07-07,50.3700,50.3700,50.1900,50.2592,47.7538,25983,0.0000,1.0000
2016-07-06,49.9300,50.2600,49.9000,50.2600,47.7546,708794,0.0000,1.0000
2016-07-05,50.1549,50.1549,50.1549,50.1549,47.6547,165,0.0000,1.0000
2016-07-01,50.1000,50.1549,50.1000,50.1549,47.6547,932,0.0000,1.0000
2016-06-30,50.0100,50.3197,50.0100,50.2000,47.6976,8394,0.0000,1.0000
2016-06-29,50.6006,50.7300,50.5100,50.7300,48.2012,1583,0.0000,1.0000
2016-06-28,49.8900,50.1870,49.6500,49.9300,47.4410,2759,0.0000,1.0000
2016-06-27,49.7000,49.7000,49.0200,49.3800,46.9185,1377,0.0000,1.0000
2016-06-24,48.9400,49.9100,48.9400,49.4500,46.9850,67506,0.0000,1.0000
2016-06-23,51.5299,51.5700,51.3600,51.5650,48.9945,3652,0.0000,1.0000
2016-06-22,50.3701,50.6100,50.3701,50.5400,48.0206,2656,0.3840,1.0000
2016-06-21,51.1167,51.1167,50.8600,50.9600,48.0546,5860,0.3838,1.0000
2016-06-20,50.9900,51.0000,50.8478,50.8500,47.5924,2276,0.0000,1.0000
2016-06-17,49.5100,50.0599,49.5100,50.0599,46.8529,756,0.0000,1.0000
2016-06-16,49.5852,49.7800,49.5300,49.7800,46.5909,1016,0.0000,1.0000
2016-06-15,49.9480,50.6070,49.8800,50.6070,47.3650,5223,0.0000,1.0000
2016-06-14,49.2070,49.3900,49.0800,49.0800,45.9358,6654,0.0000,1.0000
2016-06-13,49.8000,50.0400,49.7500,49.9250,46.7266,2648,0.0000,1.0000
2016-06-10,50.6000,50.9199,50.5900,50.6000,47.3584,1791,0.0000,1.0000
2016-06-09,51.5533,51.7110,51.5533,51.5686,48.2650,892,0.0000,1.0000
2016-06-08,52.0800,52.6470,52.0800,52.0895,48.7525,9998,0.0000,1.0000
2016-06-07,51.9000,52.0889,51.7900,51.8662,48.5435,2292,0.0000,1.0000
2016-06-06,51.3500,51.6864,51.3260,51.6864,48.3752,3462,0.0000,1.0000
2016-06-03,51.1100,51.1100,50.7400,51.0499,47.7795,1036,0.0000,1.0000
2016-06-02,50.5300,50.8600,50.4600,50.6826,47.4357,1938,0.0000,1.0000
2016-06-01,51.0700,51.3900,50.9300,51.1393,47.8632,15078,0.0000,1.0000
2016-05-31,51.5900,51.5900,51.1400,51.1400,47.8638,2559,0.0000,1.0000
2016-05-27,50.8770,50.9201,50.8770,50.9201,47.6580,633,0.0000,1.0000
2016-05-26,50.9953,51.0999,50.8040,50.9631,47.6982,3084,0.0000,1.0000
2016-05-25,51.1473,51.1473,50.9100,50.9760,47.7103,3978,0.0000,1.0000
2016-05-24,50.5388,50.8440,50.5388,50.8440,47.5868,1669,0.0000,1.0000
2016-05-23,50.4600,50.5900,50.3201,50.3500,47.1244,3795,0.0000,1.0000
2016-05-20,50.6499,50.7001,50.5615,50.6400,47.3958,1884,0.0000,1.0000
2016-05-19,50.1931,50.4399,50.0999,50.2100,46.9934,16162,0.0000,1.0000
2016-05-18,50.6000,51.0509,50.5300,50.5900,47.3490,4924,0.0000,1.0000
2016-05-17,50.7201,50.8900,50.5300,50.6900,47.4426,5139,0.0000,1.0000
2016-05-16,50.8470,51.0700,50.6696,50.8871,47.6271,5492,0.0000,1.0000
2016-05-13,50.3000,50.5890,50.1801,50.2720,47.0514,2488,0.0000,1.0000
2016-05-12,51.1600,51.1899,50.8399,51.0500,47.7796,4189,0.0000,1.0000
2016-05-11,50.8600,51.2140,50.6700,50.8301,47.5738,24650,0.0000,1.0000
2016-05-10,51.2500,51.7140,51.2500,51.3500,48.0604,4048,0.0000,1.0000
2016-05-09,50.4200,50.4680,50.1318,50.4680,47.2349,2904,0.0000,1.0000
2016-05-06,50.3809,50.4547,50.2500,50.3500,47.1244,2017,0.0000,1.0000
2016-05-05,50.2300,50.2300,49.8000,50.1600,46.9466,2740,0.0000,1.0000
2016-05-04,50.0625,50.0625,49.7310,49.9700,46.7688,3271,0.0000,1.0000
2016-05-03,50.0401,50.4288,50.0401,50.2766,47.0557,3046,0.0000,1.0000
2016-05-02,50.9200,50.9200,50.4431,50.7399,47.4893,2618,0.0000,1.0000
2016-04-29,50.0300,50.0488,49.5800,49.6200,46.4412,20332,0.0000,1.0000
2016-04-28,50.8400,50.8400,50.1201,50.3268,47.1027,4672,0.0000,1.0000
2016-04-27,52.2160,52.4599,51.9695,52.4599,49.0992,3077,0.0000,1.0000
2016-04-26,52.4199,52.4700,52.1301,52.4670,49.1058,4981,0.0000,1.0000
2016-04-25,52.3650,52.6899,52.3650,52.6899,49.3144,761,0.0000,1.0000
2016-04-22,52.9000,52.9999,52.7400,52.9999,49.6046,2324,0.0000,1.0000
2016-04-21,52.6165,52.6165,52.6165,52.6165,49.2457,284,0.0000,1.0000
2016-04-20,52.6688,53.0000,52.6542,52.7300,49.3520,8753,0.0000,1.0000
2016-04-19,52.4500,52.7200,52.2940,52.2940,48.9439,2400,0.0000,1.0000
2016-04-18,50.8900,51.6700,50.8900,51.6700,48.3599,7278,0.0000,1.0000
2016-04-15,51.2600,51.5000,51.2301,51.3200,48.0323,14479,0.0000,1.0000
2016-04-14,51.6100,51.9899,51.5801,51.5820,48.2775,4588,0.0000,1.0000
2016-04-13,51.0200,51.4800,51.0100,51.4800,48.1820,271185,0.0000,1.0000
2016-04-12,49.9000,50.3300,49.9000,50.0300,46.8249,799,0.0000,1.0000
2016-04-11,49.2300,49.5700,49.1670,49.1670,46.0172,8378,0.0000,1.0000
2016-04-08,49.3100,49.4800,49.1101,49.3101,46.1511,9789,0.0000,1.0000
2016-04-07,48.1300,48.3790,47.6950,47.6950,44.6395,5977,0.0000,1.0000
2016-04-06,47.6600,48.1000,47.6600,48.0000,44.9250,12910,0.0000,1.0000
2016-04-05,47.2500,47.6767,47.2500,47.4957,44.4530,15145,0.0000,1.0000
2016-04-04,48.6158,48.6158,48.4146,48.4542,45.3501,2414,0.0000,1.0000
2016-04-01,48.3624,48.7699,48.0900,48.6200,45.5053,11713,0.0000,1.0000
2016-03-31,50.0600,50.0900,49.5600,49.7500,46.5629,10940,0.0000,1.0000
2016-03-30,50.3500,50.8400,50.3500,50.6300,47.3865,9241,0.0000,1.0000
2016-03-29,50.4200,50.6800,50.4200,50.6661,47.4203,2763,0.0000,1.0000
2016-03-28,50.2170,50.6399,50.2170,50.2693,47.0489,1147,0.0000,1.0000
2016-03-24,49.4091,49.4900,49.4060,49.4060,46.2409,1672,0.0000,1.0000
2016-03-23,50.2000,50.2100,50.0220,50.0233,46.8187,2620,0.0000,1.0000
2016-03-22,50.1800,50.6299,50.1800,50.5100,47.2742,11003,0.0000,1.0000
2016-03-21,49.9600,50.2885,49.9400,50.1784,46.9638,4617,0.0000,1.0000
2016-03-18,50.0400,50.1080,49.8100,50.0300,46.8249,4047,0.0000,1.0000
2016-03-17,49.9200,50.3200,49.9200,50.1151,46.9046,8508,0.0000,1.0000
2016-03-16,49.5907,50.1100,49.4900,49.8700,46.6752,18761,0.0000,1.0000
2016-03-15,49.9000,49.9000,49.8028,49.8028,46.6123,1960,0.0000,1.0000
2016-03-14,50.2900,50.7200,50.2900,50.4300,47.1993,17979,0.0000,1.0000
2016-03-11,49.8700,50.4450,49.8600,50.4200,47.1899,1776,0.0000,1.0000
2016-03-10,50.0000,50.0000,48.6900,49.1600,46.0107,6954,0.0000,1.0000
2016-03-09,49.2500,49.2880,49.1337,49.2800,46.1230,4112,0.0000,1.0000
2016-03-08,49.2800,49.5100,49.2800,49.2900,46.1323,1898,0.0000,1.0000
2016-03-07,49.2200,49.8500,49.2200,49.7600,46.5722,14650,0.0000,1.0000
2016-03-04,49.9300,50.3766,49.9300,50.2120,46.9953,5281,0.0000,1.0000
2016-03-03,49.7410,49.7900,49.6076,49.7435,46.5568,3172,0.0000,1.0000
2016-03-02,49.2000,49.4800,49.2000,49.4800,46.3102,3186,0.0000,1.0000
2016-03-01,47.9800,48.6476,47.9800,48.5900,45.4772,5376,0.0000,1.0000
2016-02-29,48.1120,48.1600,47.5000,47.5100,44.4664,12979,0.0000,1.0000
2016-02-26,48.7700,48.7948,48.2501,48.2501,45.1590,4976,0.0000,1.0000
2016-02-25,48.1600,48.4500,47.8800,48.4500,45.3461,18713,0.0000,1.0000
2016-02-24,46.9250,47.7500,46.9250,47.6570,44.6039,1957,0.0000,1.0000
2016-02-23,47.6600,47.6600,47.1200,47.3148,44.2837,12259,0.0000,1.0000
2016-02-22,47.7900,48.2199,47.7900,47.9500,44.8782,6524,0.0000,1.0000
2016-02-19,46.7900,47.1980,46.7900,46.9700,43.9610,6529,0.0000,1.0000
2016-02-18,48.0580,48.0580,47.3887,47.3887,44.3528,4864,0.0000,1.0000
2016-02-17,47.3640,47.4979,47.1400,47.3275,44.2956,7128,0.0000,1.0000
2016-02-16,46.4900,46.8026,46.4550,46.7669,43.7709,132988,0.0000,1.0000
2016-02-12,44.5000,45.1800,44.3218,44.9700,42.0891,169040,0.0000,1.0000
2016-02-11,45.0700,45.2790,44.7100,44.8200,41.9487,70999,0.0000,1.0000
2016-02-10,46.2000,46.3899,45.8300,45.8300,42.8940,3565,0.0000,1.0000
2016-02-09,46.7299,46.7645,46.6110,46.7645,43.7686,2592,0.0000,1.0000
2016-02-08,47.5700,47.8100,47.0800,47.8100,44.7471,5353,0.0000,1.0000
2016-02-05,47.8100,47.8600,47.5943,47.7900,44.7284,3261,0.0000,1.0000
2016-02-04,47.8000,48.7699,47.8000,48.6400,45.5240,14304,0.0000,1.0000
2016-02-03,48.6400,48.6500,48.1000,48.4100,45.3087,33333,0.0000,1.0000
2016-02-02,49.5100,49.5350,49.0600,49.0600,45.9171,50523,0.0000,1.0000
2016-02-01,49.3000,49.6500,49.3000,49.6500,46.4693,4162,0.0000,1.0000
2016-01-29,49.0600,49.7500,49.0400,49.4100,46.2446,9255,0.0000,1.0000
2016-01-28,48.8814,48.8814,48.4280,48.5512,45.4409,2581,0.0000,1.0000
2016-01-27,48.2300,48.9899,48.2300,48.6799,45.5613,8045,0.0000,1.0000
2016-01-26,48.0300,48.5200,47.8101,48.5200,45.4117,5968,0.0000,1.0000
2016-01-25,47.9100,48.5300,47.6300,47.6300,44.5787,178341,0.0000,1.0000
2016-01-22,47.5000,49.0600,47.4900,48.9800,45.8422,113228,0.0000,1.0000
2016-01-21,46.5600,47.2200,46.2300,47.0300,44.0171,58731,0.0000,1.0000
2016-01-20,47.2800,47.5000,46.2600,46.9100,43.9048,302067,0.0000,1.0000
2016-01-19,49.1200,49.2400,48.7000,49.1400,45.9919,22113,0.0000,1.0000
2016-01-15,48.5200,48.9699,48.4000,48.4000,45.2993,31640,0.0000,1.0000
2016-01-14,49.4000,50.5150,49.4000,50.3100,47.0870,31371,0.0000,1.0000
2016-01-13,50.1500,50.2342,49.4800,49.7300,46.5441,23318,0.0000,1.0000
2016-01-12,50.0000,50.1900,49.3000,49.9799,46.7780,6365,0.0000,1.0000
2016-01-11,50.1400,50.1400,49.4450,49.9200,46.7220,31961,0.0000,1.0000
2016-01-08,50.7200,50.7200,49.7986,49.7986,46.6083,49087,0.0000,1.0000
2016-01-07,50.7300,51.1100,50.6610,50.7101,47.4615,49270,0.0000,1.0000
2016-01-06,51.3602,51.7800,51.3252,51.7800,48.4628,42450,0.0000,1.0000
2016-01-05,52.2700,52.8000,52.1205,52.6800,49.3052,61146,0.0000,1.0000
2016-01-04,51.6700,51.7599,51.6000,51.6000,48.2943,3003,0.0000,1.0000
2015-12-31,52.7800,53.1500,52.5400,52.5400,49.1741,75833,0.0000,1.0000
2015-12-30,53.3200,53.8000,52.7800,53.0000,49.6047,91491,0.0000,1.0000
2015-12-29,53.7300,54.2000,53.5699,54.0305,50.5691,8762,0.0000,1.0000
2015-12-28,52.9100,53.3400,52.5730,52.9900,49.5953,6736,0.0000,1.0000
2015-12-24,52.8300,53.2400,52.3100,52.5200,49.1554,7413,0.0000,1.0000
2015-12-23,53.2900,53.5800,52.9583,53.5660,50.1344,5345,0.0000,1.0000
2015-12-22,52.1900,52.7793,52.1900,52.7793,49.3981,1298,0.0000,1.0000
2015-12-21,52.3999,52.3999,52.1213,52.3700,49.0150,4439,0.3966,1.0000
2015-12-18,52.3405,52.9900,52.2900,52.7100,48.9624,8484,0.0000,1.0000
2015-12-17,53.7500,53.9300,53.3600,53.3600,49.5662,12940,0.0000,1.0000
2015-12-16,53.3600,53.8599,53.0590,53.6938,49.8762,8619,0.0000,1.0000
2015-12-15,52.4100,52.4700,52.2143,52.3000,48.5815,2810,0.0000,1.0000
2015-12-14,52.5470,52.5470,52.0080,52.1840,48.4738,1783,0.0000,1.0000
2015-12-11,52.3300,52.3700,51.5953,52.0500,48.3493,5511,0.0000,1.0000
2015-12-10,53.1400,53.1400,52.8375,52.8500,49.0924,7030,0.0000,1.0000
2015-12-09,52.8176,52.8176,52.4600,52.5900,48.8509,3779,0.0000,1.0000
2015-12-08,52.1500,52.9800,52.1500,52.9800,49.2132,95350,0.0000,1.0000
2015-12-07,53.6818,53.7000,53.3840,53.6900,49.8727,5239,0.0000,1.0000
2015-12-04,53.2900,54.0397,53.2900,53.8900,50.0585,5531,0.0000,1.0000
2015-12-03,53.6900,53.6960,53.4300,53.4884,49.6854,2177,0.0000,1.0000
2015-12-02,54.2284,54.2570,53.7300,53.7300,49.9099,3880,0.0000,1.0000
2015-12-01,54.2300,54.4076,54.1500,54.4076,50.5393,7500,0.0000,1.0000
2015-11-30,53.8700,54.3899,53.8700,54.2367,50.3805,95621,0.0000,1.0000
2015-11-27,54.3600,54.5820,54.3600,54.5820,50.7013,373,0.0000,1.0000
2015-11-25,54.7400,54.9600,54.6850,54.9600,51.0524,2707,0.0000,1.0000
2015-11-24,55.5000,55.5000,54.7100,55.3158,51.3829,3928,0.0000,1.0000
2015-11-23,55.6700,55.6700,55.0762,55.0762,51.1604,9426,0.0000,1.0000
2015-11-20,54.8231,55.3332,54.8100,54.8400,50.9410,4766,0.0000,1.0000
2015-11-19,55.0500,55.3200,54.7676,55.2200,51.2939,6607,0.0000,1.0000
2015-11-18,54.1500,55.1000,54.1500,54.7828,50.8878,6740,0.0000,1.0000
2015-11-17,54.4101,55.0800,54.4101,54.8046,50.9081,7927,0.0000,1.0000
2015-11-16,54.3700,54.5100,54.1300,54.5100,50.6344,1778,0.0000,1.0000
2015-11-13,54.0300,54.1000,53.7300,53.9023,50.0699,1281,0.0000,1.0000
2015-11-12,54.1300,54.4495,53.9950,54.2894,50.4295,3024,0.0000,1.0000
2015-11-11,54.5435,54.8000,54.5435,54.7100,50.8202,664,0.0000,1.0000
2015-11-10,53.9500,54.6199,53.8900,54.5900,50.7087,15055,0.0000,1.0000
2015-11-09,53.7700,53.8200,53.4399,53.5263,49.7207,2513,0.0000,1.0000
2015-11-06,54.3000,54.3000,53.7600,54.1050,50.2582,7295,0.0000,1.0000
2015-11-05,54.0000,54.4200,53.9800,54.3500,50.4858,3427,0.0000,1.0000
2015-11-04,53.5600,53.7500,53.4050,53.7500,49.9285,7525,0.0000,1.0000
2015-11-03,53.3340,53.9900,53.3340,53.9650,50.1282,15225,0.0000,1.0000
2015-11-02,53.0074,53.7873,53.0074,53.7873,49.9631,4595,0.0000,1.0000
2015-10-30,53.7400,53.7400,53.5199,53.5200,49.7148,2520,0.0000,1.0000
2015-10-29,52.9700,53.4490,52.9700,53.3000,49.5104,5153,0.0000,1.0000
2015-10-28,53.8746,53.8746,53.5609,53.8600,50.0306,1632,0.0000,1.0000
2015-10-27,52.8800,53.6480,52.8800,53.6480,49.8337,5462,0.0000,1.0000
2015-10-26,53.9000,54.0600,53.7700,54.0400,50.1978,4748,0.0000,1.0000
2015-10-23,53.8680,54.0364,53.8680,54.0364,50.1945,3067,0.0000,1.0000
2015-10-22,53.4400,53.7900,53.4400,53.7900,49.9656,4417,0.0000,1.0000
2015-10-21,53.0400,53.2000,53.0400,53.1400,49.3618,2944,0.0000,1.0000
2015-10-20,52.5800,52.5800,52.1810,52.1810,48.4710,3105,0.0000,1.0000
2015-10-19,52.6300,52.6300,52.2400,52.2801,48.5631,3459,0.0000,1.0000
2015-10-16,52.7600,52.7600,52.5246,52.6875,48.9415,4220,0.0000,1.0000
2015-10-15,52.1001,52.2000,52.1001,52.1900,48.4794,5258,0.0000,1.0000
2015-10-14,51.4900,51.8800,51.3450,51.3450,47.6944,4355,0.0000,1.0000
2015-10-13,51.9200,52.5500,51.9200,52.1600,48.4515,22665,0.0000,1.0000
2015-10-12,52.1100,52.4799,52.1000,52.4799,48.7487,366,0.0000,1.0000
2015-10-09,52.0800,52.4200,52.0800,52.2093,48.4973,4244,0.0000,1.0000
2015-10-08,51.7700,51.8000,51.7700,51.8000,48.1171,475,0.0000,1.0000
2015-10-07,51.9100,52.0300,51.6320,51.9520,48.2583,23742,0.0000,1.0000
2015-10-06,51.2000,51.2000,50.9500,51.0600,47.4297,13165,0.0000,1.0000
2015-10-05,51.2205,51.6800,51.2205,51.6190,47.9490,2645,0.0000,1.0000
2015-10-02,49.2500,50.2800,49.2400,50.2468,46.6743,11739,0.0000,1.0000
2015-10-01,49.2601,49.6684,49.2601,49.6684,46.1370,3827,0.0000,1.0000
2015-09-30,49.1500,49.2400,48.6900,49.1100,45.6183,19480,0.0000,1.0000
2015-09-29,47.9200,48.1100,47.9200,48.1100,44.6894,3459,0.0000,1.0000
2015-09-28,48.9920,48.9920,48.7400,48.8500,45.3768,6471,0.0000,1.0000
2015-09-25,49.9700,50.3586,49.9600,50.3586,46.7782,27351,0.0000,1.0000
2015-09-24,48.2872,48.4000,48.0800,48.4000,44.9588,3439,0.0000,1.0000
2015-09-23,48.7000,49.0499,48.6900,48.9148,45.4370,79753,0.0000,1.0000
2015-09-22,48.7700,48.9300,48.7300,48.9300,45.4511,3404,0.0000,1.0000
2015-09-21,49.7200,49.7600,49.6000,49.7200,46.1850,4818,0.0000,1.0000
2015-09-18,49.6700,49.6700,49.5699,49.5699,46.0455,991,0.0000,1.0000
2015-09-17,50.5900,51.0800,50.5900,51.0800,47.4483,5987,0.0000,1.0000
2015-09-16,51.0400,51.0400,50.9400,50.9701,47.3462,5468,0.0000,1.0000
2015-09-15,50.1911,50.5400,50.1911,50.5400,46.9467,2326,0.0000,1.0000
2015-09-14,50.1545,50.1545,50.0624,50.0890,46.5277,2460,0.0000,1.0000
2015-09-11,50.0400,50.2500,49.9900,50.1900,46.6216,5899,0.0000,1.0000
2015-09-10,50.2200,50.4300,50.1052,50.2299,46.6586,21680,0.0000,1.0000
2015-09-09,51.4900,51.4900,50.6600,50.6750,47.0721,24847,0.0000,1.0000
2015-09-08,50.2500,50.2500,49.9800,50.1100,46.5472,1081,0.0000,1.0000
2015-09-04,49.6800,49.6900,49.3506,49.5100,45.9899,7528,0.0000,1.0000
