timestamp,open,high,low,close,volume
2019-04-26 05:21:00,78.4620,78.4820,78.4500,78.4600,0.0
2019-04-26 05:20:00,78.4510,78.4790,78.4300,78.4680,0.0
2019-04-26 05:19:00,78.4440,78.4550,78.4200,78.4510,0.0
2019-04-26 05:18:00,78.4200,78.4470,78.4100,78.4440,0.0
2019-04-26 05:17:00,78.4330,78.4400,78.4100,78.4100,0.0
2019-04-26 05:16:00,78.4100,78.4380,78.4100,78.4330,0.0
2019-04-26 05:15:00,78.4120,78.4290,78.3900,78.4250,0.0
2019-04-26 05:14:00,78.4100,78.4340,78.3900,78.4120,0.0
2019-04-26 05:13:00,78.4140,78.4340,78.4000,78.4300,0.0
2019-04-26 05:12:00,78.4160,78.4210,78.3900,78.4140,0.0
2019-04-26 05:11:00,78.4040,78.4270,78.3900,78.4160,0.0
2019-04-26 05:10:00,78.4000,78.4160,78.3800,78.4030,0.0
2019-04-26 05:09:00,78.4220,78.4650,78.4000,78.4140,0.0
2019-04-26 05:08:00,78.4000,78.4240,78.3900,78.4200,0.0
2019-04-26 05:07:00,78.4040,78.4110,78.3800,78.4090,0.0
2019-04-26 05:06:00,78.4000,78.4150,78.3800,78.3800,0.0
2019-04-26 05:05:00,78.4050,78.4180,78.3900,78.4120,0.0
2019-04-26 05:04:00,78.3900,78.4080,78.3800,78.3900,0.0
2019-04-26 05:03:00,78.4400,78.4400,78.3900,78.4030,0.0
2019-04-26 05:02:00,78.4410,78.4450,78.4200,78.4400,0.0
2019-04-26 05:01:00,78.4490,78.4530,78.4100,78.4420,0.0
2019-04-26 05:00:00,78.4330,78.4550,78.4100,78.4490,0.0
2019-04-26 04:59:00,78.4360,78.4550,78.4100,78.4330,0.0
2019-04-26 04:58:00,78.4200,78.4410,78.4100,78.4360,0.0
2019-04-26 04:57:00,78.4340,78.4390,78.4100,78.4340,0.0
2019-04-26 04:56:00,78.4200,78.4370,78.4100,78.4340,0.0
2019-04-26 04:55:00,78.4330,78.4350,78.4100,78.4330,0.0
2019-04-26 04:54:00,78.4200,78.4340,78.4100,78.4310,0.0
2019-04-26 04:53:00,78.4300,78.4350,78.4100,78.4320,0.0
2019-04-26 04:52:00,78.4200,78.4350,78.4100,78.4320,0.0
2019-04-26 04:51:00,78.4340,78.4390,78.4100,78.4330,0.0
2019-04-26 04:50:00,78.4200,78.4360,78.4100,78.4360,0.0
2019-04-26 04:49:00,78.4310,78.4380,78.4100,78.4330,0.0
2019-04-26 04:48:00,78.4300,78.4340,78.4100,78.4310,0.0
2019-04-26 04:47:00,78.4320,78.4370,78.4100,78.4330,0.0
2019-04-26 04:46:00,78.4100,78.4340,78.4100,78.4320,0.0
2019-04-26 04:45:00,78.4300,78.4320,78.4100,78.4290,0.0
2019-04-26 04:44:00,78.4100,78.4320,78.4100,78.4290,0.0
2019-04-26 04:43:00,78.4290,78.4340,78.4100,78.4260,0.0
2019-04-26 04:42:00,78.4000,78.4320,78.4000,78.4290,0.0
2019-04-26 04:41:00,78.4100,78.4190,78.3900,78.4170,0.0
2019-04-26 04:40:00,78.3900,78.4120,78.3800,78.4100,0.0
2019-04-26 04:39:00,78.4110,78.4110,78.3800,78.4020,0.0
2019-04-26 04:38:00,78.3900,78.4120,78.3800,78.4110,0.0
2019-04-26 04:37:00,78.4070,78.4130,78.3800,78.4050,0.0
2019-04-26 04:36:00,78.3900,78.4080,78.3800,78.4070,0.0
2019-04-26 04:35:00,78.4100,78.4120,78.3800,78.4070,0.0
2019-04-26 04:34:00,78.3800,78.4110,78.3700,78.4040,0.0
2019-04-26 04:33:00,78.4030,78.4030,78.3800,78.3800,0.0
2019-04-26 04:32:00,78.3800,78.4050,78.3700,78.4030,0.0
2019-04-26 04:31:00,78.3870,78.3970,78.3700,78.3920,0.0
2019-04-26 04:30:00,78.3800,78.3930,78.3600,78.3700,0.0
2019-04-26 04:29:00,78.3900,78.3930,78.3700,78.3920,0.0
2019-04-26 04:28:00,78.3700,78.3920,78.3700,78.3900,0.0
2019-04-26 04:27:00,78.3880,78.3890,78.3600,78.3850,0.0
2019-04-26 04:26:00,78.3800,78.3930,78.3700,78.3880,0.0
2019-04-26 04:25:00,78.3920,78.3950,78.3700,78.3700,0.0
2019-04-26 04:24:00,78.3700,78.3940,78.3600,78.3930,0.0
2019-04-26 04:23:00,78.3840,78.3890,78.3600,78.3840,0.0
2019-04-26 04:22:00,78.3700,78.3880,78.3600,78.3840,0.0
2019-04-26 04:21:00,78.3850,78.3920,78.3600,78.3820,0.0
2019-04-26 04:20:00,78.3800,78.3930,78.3600,78.3850,0.0
2019-04-26 04:19:00,78.3990,78.4030,78.3700,78.3910,0.0
2019-04-26 04:18:00,78.3900,78.4030,78.3800,78.3990,0.0
2019-04-26 04:17:00,78.4070,78.4070,78.3700,78.4020,0.0
2019-04-26 04:16:00,78.3800,78.4080,78.3800,78.4020,0.0
2019-04-26 04:15:00,78.3960,78.4060,78.3700,78.4000,0.0
2019-04-26 04:14:00,78.3800,78.4020,78.3700,78.3970,0.0
2019-04-26 04:13:00,78.3960,78.4040,78.3700,78.3960,0.0
2019-04-26 04:12:00,78.4060,78.4090,78.3700,78.3960,0.0
2019-04-26 04:11:00,78.3990,78.4060,78.3800,78.4020,0.0
2019-04-26 04:10:00,78.3800,78.4020,78.3800,78.3990,0.0
2019-04-26 04:09:00,78.4000,78.4020,78.3800,78.3970,0.0
2019-04-26 04:08:00,78.3950,78.4020,78.3700,78.4000,0.0
2019-04-26 04:07:00,78.3980,78.4010,78.3700,78.3950,0.0
2019-04-26 04:06:00,78.3800,78.4040,78.3700,78.3980,0.0
2019-04-26 04:05:00,78.4030,78.4040,78.3800,78.4000,0.0
2019-04-26 04:04:00,78.3700,78.4030,78.3700,78.4000,0.0
2019-04-26 04:03:00,78.3930,78.3930,78.3600,78.3820,0.0
2019-04-26 04:02:00,78.3800,78.3960,78.3700,78.3840,0.0
2019-04-26 04:01:00,78.3910,78.4000,78.3700,78.3930,0.0
2019-04-26 04:00:00,78.3800,78.3950,78.3700,78.3900,0.0
2019-04-26 03:59:00,78.4040,78.4040,78.3700,78.3910,0.0
2019-04-26 03:58:00,78.3930,78.4050,78.3700,78.4030,0.0
2019-04-26 03:57:00,78.4030,78.4050,78.3700,78.3930,0.0
2019-04-26 03:56:00,78.3900,78.4070,78.3800,78.4030,0.0
2019-04-26 03:55:00,78.3940,78.4060,78.3700,78.4040,0.0
2019-04-26 03:54:00,78.4000,78.4150,78.3700,78.3970,0.0
2019-04-26 03:53:00,78.4170,78.4200,78.3900,78.4120,0.0
2019-04-26 03:52:00,78.4000,78.4210,78.3900,78.4160,0.0
2019-04-26 03:51:00,78.4180,78.4210,78.3900,78.4190,0.0
2019-04-26 03:50:00,78.4100,78.4310,78.3900,78.4170,0.0
2019-04-26 03:49:00,78.4190,78.4270,78.3900,78.4260,0.0
2019-04-26 03:48:00,78.4200,78.4330,78.4000,78.4190,0.0
2019-04-26 03:47:00,78.4270,78.4360,78.4100,78.4320,0.0
2019-04-26 03:46:00,78.4200,78.4370,78.4100,78.4270,0.0
2019-04-26 03:45:00,78.4340,78.4370,78.4100,78.4100,0.0
2019-04-26 03:44:00,78.4200,78.4420,78.4100,78.4340,0.0
2019-04-26 03:43:00,78.4190,78.4410,78.4000,78.4380,0.0
2019-04-26 03:42:00,78.4100,78.4340,78.4000,78.4200,0.0
2019-04-26 03:41:00,78.4230,78.4330,78.4000,78.4290,0.0
2019-04-26 03:40:00,78.4100,78.4300,78.4000,78.4280,0.0
2019-04-26 03:39:00,78.4300,78.4350,78.4000,78.4250,0.0
2019-04-26 03:38:00,78.4200,78.4330,78.4100,78.4310,0.0
2019-04-26 03:37:00,78.4330,78.4340,78.4100,78.4320,0.0
2019-04-26 03:36:00,78.4100,78.4330,78.4000,78.4310,0.0
2019-04-26 03:35:00,78.4180,78.4320,78.4000,78.4270,0.0
2019-04-26 03:34:00,78.4000,78.4240,78.3900,78.4180,0.0
2019-04-26 03:33:00,78.4070,78.4220,78.3900,78.4200,0.0
2019-04-26 03:32:00,78.4000,78.4160,78.3800,78.4070,0.0
2019-04-26 03:31:00,78.4120,78.4160,78.3900,78.4140,0.0
2019-04-26 03:30:00,78.4070,78.4140,78.3900,78.4120,0.0
2019-04-26 03:29:00,78.4060,78.4110,78.3800,78.4070,0.0
2019-04-26 03:28:00,78.3900,78.4150,78.3800,78.4060,0.0
2019-04-26 03:27:00,78.4040,78.4140,78.3700,78.4000,0.0
2019-04-26 03:26:00,78.3900,78.4120,78.3800,78.4000,0.0
2019-04-26 03:25:00,78.4040,78.4140,78.3800,78.4040,0.0
2019-04-26 03:24:00,78.4150,78.4180,78.3800,78.4040,0.0
2019-04-26 03:23:00,78.4170,78.4210,78.3900,78.4160,0.0
2019-04-26 03:22:00,78.4210,78.4320,78.4000,78.4180,0.0
2019-04-26 03:21:00,78.4230,78.4270,78.4000,78.4210,0.0
2019-04-26 03:20:00,78.4000,78.4250,78.4000,78.4230,0.0
2019-04-26 03:19:00,78.3990,78.4220,78.3800,78.4210,0.0
2019-04-26 03:18:00,78.3800,78.4010,78.3700,78.3970,0.0
2019-04-26 03:17:00,78.4230,78.4230,78.3700,78.3900,0.0
2019-04-26 03:16:00,78.4100,78.4270,78.4000,78.4230,0.0
2019-04-26 03:15:00,78.4330,78.4440,78.4000,78.4220,0.0
2019-04-26 03:14:00,78.4100,78.4360,78.4100,78.4100,0.0
2019-04-26 03:13:00,78.4160,78.4300,78.3900,78.4270,0.0
2019-04-26 03:12:00,78.4130,78.4180,78.3900,78.4160,0.0
2019-04-26 03:11:00,78.4380,78.4400,78.3900,78.4130,0.0
2019-04-26 03:10:00,78.4200,78.4430,78.4200,78.4380,0.0
2019-04-26 03:09:00,78.4430,78.4430,78.4100,78.4370,0.0
2019-04-26 03:08:00,78.4200,78.4500,78.4100,78.4410,0.0
2019-04-26 03:07:00,78.4130,78.4390,78.4000,78.4370,0.0
2019-04-26 03:06:00,78.4200,78.4330,78.3800,78.4130,0.0
2019-04-26 03:05:00,78.4430,78.4550,78.4100,78.4100,0.0
2019-04-26 03:04:00,78.4400,78.4660,78.4200,78.4430,0.0
2019-04-26 03:03:00,78.4720,78.4720,78.4300,78.4580,0.0
2019-04-26 03:02:00,78.4500,78.4730,78.4400,78.4720,0.0
2019-04-26 03:01:00,78.4620,78.4670,78.4400,78.4620,0.0
2019-04-26 03:00:00,78.4600,78.4730,78.4400,78.4620,0.0
2019-04-26 02:59:00,78.4750,78.4750,78.4400,78.4500,0.0
2019-04-26 02:58:00,78.4500,78.4750,78.4400,78.4720,0.0
2019-04-26 02:57:00,78.4770,78.4790,78.4400,78.4680,0.0
2019-04-26 02:56:00,78.4500,78.4780,78.4500,78.4740,0.0
2019-04-26 02:55:00,78.4630,78.4680,78.4400,78.4650,0.0
2019-04-26 02:54:00,78.4500,78.4710,78.4400,78.4630,0.0
2019-04-26 02:53:00,78.4680,78.4750,78.4400,78.4630,0.0
2019-04-26 02:52:00,78.4500,78.4780,78.4400,78.4680,0.0
2019-04-26 02:51:00,78.4870,78.4950,78.4500,78.4700,0.0
2019-04-26 02:50:00,78.4800,78.5090,78.4700,78.4870,0.0
2019-04-26 02:49:00,78.4900,78.5150,78.4700,78.4970,0.0
2019-04-26 02:48:00,78.4600,78.4980,78.4500,78.4900,0.0
2019-04-26 02:47:00,78.4730,78.4830,78.4500,78.4800,0.0
2019-04-26 02:46:00,78.4700,78.4840,78.4400,78.4730,0.0
2019-04-26 02:45:00,78.4400,78.4820,78.4400,78.4800,0.0
2019-04-26 02:44:00,78.4400,78.4720,78.4400,78.4600,0.0
2019-04-26 02:43:00,78.4680,78.4760,78.4400,78.4610,0.0
2019-04-26 02:42:00,78.4700,78.4890,78.4400,78.4680,0.0
2019-04-26 02:41:00,78.4970,78.4990,78.4700,78.4880,0.0
2019-04-26 02:40:00,78.4700,78.5030,78.4700,78.4970,0.0
2019-04-26 02:39:00,78.5140,78.5210,78.4700,78.4890,0.0
2019-04-26 02:38:00,78.4900,78.5160,78.4900,78.5130,0.0
2019-04-26 02:37:00,78.5270,78.5300,78.4900,78.5100,0.0
2019-04-26 02:36:00,78.5200,78.5400,78.4900,78.5300,0.0
2019-04-26 02:35:00,78.5200,78.5400,78.4900,78.5370,0.0
2019-04-26 02:34:00,78.5000,78.5220,78.4900,78.5190,0.0
2019-04-26 02:33:00,78.5070,78.5170,78.4700,78.5120,0.0
2019-04-26 02:32:00,78.4800,78.5090,78.4800,78.5070,0.0
2019-04-26 02:31:00,78.4730,78.5020,78.4600,78.5000,0.0
2019-04-26 02:30:00,78.4460,78.4900,78.4200,78.4710,0.0
2019-04-26 02:29:00,78.4510,78.4530,78.4100,78.4430,0.0
2019-04-26 02:28:00,78.4470,78.4540,78.4000,78.4510,0.0
2019-04-26 02:27:00,78.4440,78.4550,78.4200,78.4470,0.0
2019-04-26 02:26:00,78.4500,78.4680,78.4200,78.4450,0.0
2019-04-26 02:25:00,78.4660,78.4830,78.4400,78.4660,0.0
2019-04-26 02:24:00,78.4400,78.4750,78.4400,78.4610,0.0
2019-04-26 02:23:00,78.4620,78.4660,78.4400,78.4570,0.0
2019-04-26 02:22:00,78.4500,78.4710,78.4400,78.4620,0.0
2019-04-26 02:21:00,78.4850,78.4870,78.4400,78.4610,0.0
2019-04-26 02:20:00,78.4760,78.4910,78.4600,78.4850,0.0
2019-04-26 02:19:00,78.4810,78.4910,78.4600,78.4760,0.0
2019-04-26 02:18:00,78.4600,78.4860,78.4400,78.4780,0.0
2019-04-26 02:17:00,78.4620,78.4870,78.4400,78.4800,0.0
2019-04-26 02:16:00,78.4500,78.4650,78.4200,78.4610,0.0
2019-04-26 02:15:00,78.4530,78.4570,78.4200,78.4500,0.0
2019-04-26 02:14:00,78.4970,78.4970,78.4400,78.4530,0.0
2019-04-26 02:13:00,78.4440,78.5320,78.4200,78.4970,0.0
2019-04-26 02:12:00,78.4000,78.4460,78.3900,78.4440,0.0
2019-04-26 02:11:00,78.3990,78.4160,78.3700,78.4110,0.0
2019-04-26 02:10:00,78.4080,78.4260,78.3800,78.3980,0.0
2019-04-26 02:09:00,78.3900,78.4180,78.3800,78.4120,0.0
2019-04-26 02:08:00,78.3700,78.4230,78.3600,78.4140,0.0
2019-04-26 02:07:00,78.3750,78.3880,78.3500,78.3840,0.0
2019-04-26 02:06:00,78.3590,78.3770,78.3400,78.3750,0.0
2019-04-26 02:05:00,78.3890,78.3980,78.3400,78.3580,0.0
2019-04-26 02:04:00,78.3800,78.3960,78.3600,78.3890,0.0
2019-04-26 02:03:00,78.3610,78.3810,78.3500,78.3800,0.0
2019-04-26 02:02:00,78.4000,78.4130,78.3400,78.3610,0.0
2019-04-26 02:01:00,78.4330,78.4380,78.3800,78.4080,0.0
2019-04-26 02:00:00,78.4600,78.4730,78.4100,78.4330,0.0
2019-04-26 01:59:00,78.4520,78.4730,78.4300,78.4720,0.0
2019-04-26 01:58:00,78.4300,78.4630,78.4200,78.4530,0.0
2019-04-26 01:57:00,78.4420,78.4500,78.4200,78.4470,0.0
2019-04-26 01:56:00,78.4200,78.4500,78.4200,78.4420,0.0
2019-04-26 01:55:00,78.4420,78.4470,78.4200,78.4390,0.0
2019-04-26 01:54:00,78.4200,78.4440,78.4100,78.4420,0.0
2019-04-26 01:53:00,78.4390,78.4440,78.4100,78.4360,0.0
2019-04-26 01:52:00,78.4100,78.4520,78.4000,78.4390,0.0
2019-04-26 01:51:00,78.4110,78.4290,78.3900,78.4230,0.0
2019-04-26 01:50:00,78.4100,78.4320,78.3900,78.4120,0.0
2019-04-26 01:49:00,78.4500,78.4520,78.4100,78.4280,0.0
2019-04-26 01:48:00,78.4480,78.4620,78.4300,78.4500,0.0
2019-04-26 01:47:00,78.4190,78.4540,78.4000,78.4490,0.0
2019-04-26 01:46:00,78.3900,78.4260,78.3800,78.4190,0.0
2019-04-26 01:45:00,78.3840,78.4120,78.3600,78.4080,0.0
2019-04-26 01:44:00,78.4000,78.4130,78.3600,78.3840,0.0
2019-04-26 01:43:00,78.4240,78.4290,78.3900,78.4110,0.0
2019-04-26 01:42:00,78.4200,78.4360,78.4000,78.4240,0.0
2019-04-26 01:41:00,78.4210,78.4460,78.4000,78.4340,0.0
2019-04-26 01:40:00,78.4220,78.4360,78.4000,78.4220,0.0
2019-04-26 01:39:00,78.4590,78.4590,78.4000,78.4210,0.0
2019-04-26 01:38:00,78.4300,78.4710,78.4200,78.4600,0.0
2019-04-26 01:37:00,78.4550,78.4600,78.4200,78.4430,0.0
2019-04-26 01:36:00,78.4500,78.4670,78.4300,78.4550,0.0
2019-04-26 01:35:00,78.4870,78.4890,78.4400,78.4620,0.0
2019-04-26 01:34:00,78.5000,78.5180,78.4400,78.4880,0.0
2019-04-26 01:33:00,78.5160,78.5370,78.4800,78.5150,0.0
2019-04-26 01:32:00,78.5000,78.5300,78.4900,78.5130,0.0
2019-04-26 01:31:00,78.4950,78.5280,78.4700,78.5210,0.0
2019-04-26 01:30:00,78.4950,78.5050,78.4700,78.4950,0.0
2019-04-26 01:29:00,78.4900,78.5010,78.4700,78.4920,0.0
2019-04-26 01:28:00,78.5050,78.5060,78.4700,78.4900,0.0
2019-04-26 01:27:00,78.5030,78.5210,78.4800,78.5040,0.0
2019-04-26 01:26:00,78.4800,78.5100,78.4700,78.5030,0.0
2019-04-26 01:25:00,78.5120,78.5350,78.4700,78.4960,0.0
2019-04-26 01:24:00,78.4700,78.5310,78.4500,78.5160,0.0
2019-04-26 01:23:00,78.4640,78.4940,78.4400,78.4890,0.0
2019-04-26 01:22:00,78.4200,78.4840,78.4200,78.4670,0.0
2019-04-26 01:21:00,78.4270,78.4560,78.4100,78.4380,0.0
2019-04-26 01:20:00,78.4350,78.4520,78.4000,78.4280,0.0
2019-04-26 01:19:00,78.4300,78.4570,78.4000,78.4350,0.0
2019-04-26 01:18:00,78.4400,78.4670,78.4100,78.4530,0.0
2019-04-26 01:17:00,78.3950,78.4540,78.3700,78.4530,0.0
2019-04-26 01:16:00,78.3700,78.4100,78.3500,78.3950,0.0
2019-04-26 01:15:00,78.3350,78.3770,78.3100,78.3730,0.0
2019-04-26 01:14:00,78.3280,78.3420,78.3100,78.3350,0.0
2019-04-26 01:13:00,78.3150,78.3310,78.2900,78.3270,0.0
2019-04-26 01:12:00,78.3000,78.3240,78.2900,78.3150,0.0
2019-04-26 01:11:00,78.2990,78.3210,78.2800,78.3170,0.0
2019-04-26 01:10:00,78.2800,78.3050,78.2700,78.2990,0.0
2019-04-26 01:09:00,78.2820,78.2970,78.2500,78.2920,0.0
2019-04-26 01:08:00,78.2620,78.2850,78.2400,78.2820,0.0
2019-04-26 01:07:00,78.2610,78.2780,78.2400,78.2660,0.0
2019-04-26 01:06:00,78.2500,78.2810,78.2400,78.2610,0.0
2019-04-26 01:05:00,78.2630,78.2750,78.2300,78.2710,0.0
2019-04-26 01:04:00,78.2400,78.2740,78.2400,78.2630,0.0
2019-04-26 01:03:00,78.2490,78.2630,78.2300,78.2590,0.0
2019-04-26 01:02:00,78.2200,78.2520,78.2200,78.2300,0.0
2019-04-26 01:01:00,78.2830,78.2830,78.2200,78.2320,0.0
2019-04-26 01:00:00,78.3010,78.3020,78.2600,78.2820,0.0
2019-04-26 00:59:00,78.3170,78.3180,78.2800,78.3000,0.0
2019-04-26 00:58:00,78.3100,78.3330,78.2800,78.3170,0.0
2019-04-26 00:57:00,78.3140,78.3370,78.2900,78.3310,0.0
2019-04-26 00:56:00,78.3100,78.3260,78.2900,78.3140,0.0
2019-04-26 00:55:00,78.3000,78.3290,78.2700,78.3220,0.0
2019-04-26 00:54:00,78.2900,78.3340,78.2800,78.2990,0.0
2019-04-26 00:53:00,78.2800,78.3270,78.2600,78.3080,0.0
2019-04-26 00:52:00,78.2800,78.3060,78.2500,78.2800,0.0
2019-04-26 00:51:00,78.2420,78.3110,78.2200,78.2930,0.0
2019-04-26 00:50:00,78.2520,78.2610,78.2200,78.2420,0.0
2019-04-26 00:49:00,78.2160,78.2560,78.2000,78.2540,0.0
2019-04-26 00:48:00,78.1950,78.2190,78.1700,78.2160,0.0
2019-04-26 00:47:00,78.2200,78.2200,78.1700,78.1940,0.0
2019-04-26 00:46:00,78.2500,78.2700,78.2000,78.2170,0.0
2019-04-26 00:45:00,78.2790,78.2800,78.2400,78.2670,0.0
2019-04-26 00:44:00,78.2500,78.2800,78.2400,78.2790,0.0
2019-04-26 00:43:00,78.2640,78.2640,78.2400,78.2630,0.0
2019-04-26 00:42:00,78.2480,78.2660,78.2300,78.2640,0.0
2019-04-26 00:41:00,78.2410,78.2510,78.2200,78.2480,0.0
2019-04-26 00:40:00,78.2200,78.2470,78.2100,78.2410,0.0
2019-04-26 00:39:00,78.2350,78.2370,78.2100,78.2330,0.0
2019-04-26 00:38:00,78.2260,78.2380,78.2100,78.2350,0.0
2019-04-26 00:37:00,78.2400,78.2420,78.2100,78.2260,0.0
2019-04-26 00:36:00,78.2390,78.2450,78.2100,78.2360,0.0
2019-04-26 00:35:00,78.2470,78.2500,78.2200,78.2390,0.0
2019-04-26 00:34:00,78.2500,78.2580,78.2200,78.2470,0.0
2019-04-26 00:33:00,78.2570,78.2650,78.2300,78.2550,0.0
2019-04-26 00:32:00,78.2500,78.2730,78.2400,78.2610,0.0
2019-04-26 00:31:00,78.2700,78.2760,78.2500,78.2690,0.0
2019-04-26 00:30:00,78.2400,78.2750,78.2300,78.2500,0.0
2019-04-26 00:29:00,78.2300,78.2570,78.2300,78.2540,0.0
2019-04-26 00:28:00,78.2200,78.2520,78.2100,78.2450,0.0
2019-04-26 00:27:00,78.2170,78.2360,78.2000,78.2350,0.0
2019-04-26 00:26:00,78.1900,78.2210,78.1900,78.2170,0.0
2019-04-26 00:25:00,78.1970,78.2120,78.1800,78.2070,0.0
2019-04-26 00:24:00,78.1900,78.2050,78.1700,78.1970,0.0
2019-04-26 00:23:00,78.1860,78.2050,78.1600,78.2040,0.0
2019-04-26 00:22:00,78.1600,78.1890,78.1600,78.1870,0.0
2019-04-26 00:21:00,78.2010,78.2030,78.1500,78.1750,0.0
2019-04-26 00:20:00,78.1800,78.2130,78.1800,78.2010,0.0
2019-04-26 00:19:00,78.2070,78.2180,78.1800,78.1990,0.0
2019-04-26 00:18:00,78.2000,78.2190,78.1800,78.2080,0.0
2019-04-26 00:17:00,78.2140,78.2190,78.1800,78.2120,0.0
2019-04-26 00:16:00,78.1900,78.2220,78.1800,78.2140,0.0
2019-04-26 00:15:00,78.2000,78.2210,78.1700,78.2020,0.0
2019-04-26 00:14:00,78.2150,78.2180,78.1800,78.2170,0.0
2019-04-26 00:13:00,78.2200,78.2280,78.1900,78.2160,0.0
2019-04-26 00:12:00,78.2100,78.2310,78.1900,78.2000,0.0
2019-04-26 00:11:00,78.2560,78.2570,78.2000,78.2230,0.0
2019-04-26 00:10:00,78.2300,78.2640,78.2300,78.2560,0.0
2019-04-26 00:09:00,78.2470,78.2520,78.2200,78.2200,0.0
2019-04-26 00:08:00,78.2500,78.2710,78.2300,78.2470,0.0
2019-04-26 00:07:00,78.2330,78.2780,78.2100,78.2690,0.0
2019-04-26 00:06:00,78.2100,78.2450,78.2000,78.2330,0.0
2019-04-26 00:05:00,78.2400,78.2400,78.1900,78.2250,0.0
2019-04-26 00:04:00,78.2040,78.2420,78.1800,78.2400,0.0
2019-04-26 00:03:00,78.2510,78.2520,78.1700,78.2020,0.0
2019-04-26 00:02:00,78.2500,78.2670,78.2200,78.2510,0.0
2019-04-26 00:01:00,78.2540,78.2940,78.2300,78.2670,0.0
2019-04-26 00:00:00,78.2840,78.2870,78.2300,78.2540,0.0
2019-04-25 23:59:00,78.2870,78.2900,78.2600,78.2830,0.0
2019-04-25 23:58:00,78.2800,78.2960,78.2700,78.2820,0.0
2019-04-25 23:57:00,78.3030,78.3060,78.2800,78.2930,0.0
2019-04-25 23:56:00,78.2800,78.3040,78.2700,78.3030,0.0
2019-04-25 23:55:00,78.3010,78.3060,78.2700,78.2800,0.0
2019-04-25 23:54:00,78.2910,78.3110,78.2700,78.2970,0.0
2019-04-25 23:53:00,78.2800,78.3000,78.2700,78.2910,0.0
2019-04-25 23:52:00,78.3000,78.3150,78.2700,78.2960,0.0
2019-04-25 23:51:00,78.3300,78.3320,78.2900,78.3090,0.0
2019-04-25 23:50:00,78.3270,78.3310,78.3100,78.3300,0.0
2019-04-25 23:49:00,78.3210,78.3310,78.3000,78.3270,0.0
2019-04-25 23:48:00,78.3000,78.3240,78.3000,78.3210,0.0
2019-04-25 23:47:00,78.3120,78.3210,78.2900,78.3000,0.0
2019-04-25 23:46:00,78.3200,78.3300,78.2900,78.3120,0.0
2019-04-25 23:45:00,78.3140,78.3330,78.3000,78.3290,0.0
2019-04-25 23:44:00,78.3000,78.3260,78.2900,78.3140,0.0
2019-04-25 23:43:00,78.3300,78.3320,78.3000,78.3170,0.0
2019-04-25 23:42:00,78.3330,78.3340,78.3100,78.3310,0.0
2019-04-25 23:41:00,78.3410,78.3420,78.3100,78.3330,0.0
2019-04-25 23:40:00,78.3300,78.3560,78.3200,78.3410,0.0
2019-04-25 23:39:00,78.3330,78.3460,78.3100,78.3420,0.0
2019-04-25 23:38:00,78.3200,78.3380,78.3100,78.3330,0.0
2019-04-25 23:37:00,78.3330,78.3390,78.3200,78.3370,0.0
2019-04-25 23:36:00,78.3200,78.3420,78.3100,78.3380,0.0
2019-04-25 23:35:00,78.3490,78.3500,78.3200,78.3390,0.0
2019-04-25 23:34:00,78.3300,78.3500,78.3300,78.3420,0.0
2019-04-25 23:33:00,78.3470,78.3500,78.3300,78.3490,0.0
2019-04-25 23:32:00,78.3300,78.3490,78.3200,78.3470,0.0
2019-04-25 23:31:00,78.3450,78.3500,78.3200,78.3410,0.0
2019-04-25 23:30:00,78.3300,78.3470,78.3200,78.3450,0.0
2019-04-25 23:29:00,78.3310,78.3460,78.3100,78.3410,0.0
2019-04-25 23:28:00,78.3100,78.3400,78.3100,78.3310,0.0
2019-04-25 23:27:00,78.3230,78.3290,78.3000,78.3270,0.0
2019-04-25 23:26:00,78.3100,78.3260,78.3000,78.3230,0.0
2019-04-25 23:25:00,78.3180,78.3260,78.2900,78.3230,0.0
2019-04-25 23:24:00,78.3120,78.3240,78.2900,78.3170,0.0
2019-04-25 23:23:00,78.3060,78.3140,78.2800,78.3120,0.0
2019-04-25 23:22:00,78.3020,78.3080,78.2800,78.3060,0.0
2019-04-25 23:21:00,78.3030,78.3040,78.2800,78.3020,0.0
2019-04-25 23:20:00,78.2900,78.3040,78.2800,78.3030,0.0
2019-04-25 23:19:00,78.3120,78.3160,78.2800,78.3020,0.0
2019-04-25 23:18:00,78.3000,78.3150,78.2900,78.3120,0.0
2019-04-25 23:17:00,78.3110,78.3180,78.2900,78.3090,0.0
2019-04-25 23:16:00,78.3000,78.3190,78.2900,78.3120,0.0
2019-04-25 23:15:00,78.3300,78.3350,78.2900,78.3170,0.0
2019-04-25 23:14:00,78.3100,78.3340,78.3100,78.3300,0.0
2019-04-25 23:13:00,78.3090,78.3330,78.2900,78.3300,0.0
2019-04-25 23:12:00,78.3020,78.3120,78.2800,78.3090,0.0
2019-04-25 23:11:00,78.3100,78.3130,78.2800,78.3020,0.0
2019-04-25 23:10:00,78.3070,78.3130,78.2900,78.3100,0.0
2019-04-25 23:09:00,78.3060,78.3110,78.2800,78.3070,0.0
2019-04-25 23:08:00,78.3000,78.3180,78.2900,78.3060,0.0
2019-04-25 23:07:00,78.3160,78.3200,78.2900,78.3170,0.0
2019-04-25 23:06:00,78.2900,78.3180,78.2900,78.3170,0.0
2019-04-25 23:05:00,78.3180,78.3190,78.2900,78.3090,0.0
2019-04-25 23:04:00,78.3100,78.3290,78.3000,78.3180,0.0
2019-04-25 23:03:00,78.3290,78.3290,78.3100,78.3280,0.0
2019-04-25 23:02:00,78.3100,78.3310,78.3100,78.3270,0.0
2019-04-25 23:01:00,78.3210,78.3310,78.3000,78.3270,0.0
2019-04-25 23:00:00,78.3100,78.3360,78.3100,78.3260,0.0
2019-04-25 22:59:00,78.3290,78.3290,78.3000,78.3260,0.0
2019-04-25 22:58:00,78.3200,78.3310,78.3100,78.3290,0.0
2019-04-25 22:57:00,78.3170,78.3290,78.3000,78.3250,0.0
2019-04-25 22:56:00,78.3200,78.3380,78.3100,78.3260,0.0
2019-04-25 22:55:00,78.3380,78.3470,78.3100,78.3330,0.0
2019-04-25 22:54:00,78.3400,78.3500,78.3300,78.3460,0.0
2019-04-25 22:53:00,78.3380,78.3510,78.3300,78.3490,0.0
2019-04-25 22:52:00,78.3300,78.3520,78.3300,78.3440,0.0
2019-04-25 22:51:00,78.3500,78.3510,78.3300,78.3490,0.0
2019-04-25 22:50:00,78.3400,78.3520,78.3300,78.3500,0.0
2019-04-25 22:49:00,78.3510,78.3520,78.3300,78.3500,0.0
2019-04-25 22:48:00,78.3400,78.3620,78.3300,78.3480,0.0
2019-04-25 22:47:00,78.3360,78.3590,78.3200,78.3400,0.0
2019-04-25 22:46:00,78.3300,78.3400,78.3200,78.3360,0.0
2019-04-25 22:45:00,78.3340,78.3430,78.3200,78.3380,0.0
2019-04-25 22:44:00,78.3340,78.3430,78.3100,78.3340,0.0
2019-04-25 22:43:00,78.3230,78.3410,78.3100,78.3390,0.0
2019-04-25 22:42:00,78.3260,78.3330,78.3100,78.3290,0.0
2019-04-25 22:41:00,78.3270,78.3310,78.3000,78.3100,0.0
2019-04-25 22:40:00,78.3200,78.3340,78.3000,78.3270,0.0
2019-04-25 22:39:00,78.3220,78.3380,78.3100,78.3280,0.0
2019-04-25 22:38:00,78.3100,78.3280,78.3000,78.3270,0.0
2019-04-25 22:37:00,78.3230,78.3360,78.3000,78.3220,0.0
2019-04-25 22:36:00,78.3200,78.3340,78.3100,78.3200,0.0
2019-04-25 22:35:00,78.3320,78.3350,78.3100,78.3310,0.0
2019-04-25 22:34:00,78.3330,78.3370,78.3100,78.3320,0.0
2019-04-25 22:33:00,78.3370,78.3390,78.3100,78.3370,0.0
2019-04-25 22:32:00,78.3100,78.3400,78.3100,78.3400,0.0
2019-04-25 22:31:00,78.3240,78.3290,78.3000,78.3260,0.0
2019-04-25 22:30:00,78.3180,78.3280,78.3000,78.3240,0.0
2019-04-25 22:29:00,78.3250,78.3290,78.3100,78.3230,0.0
2019-04-25 22:28:00,78.3100,78.3280,78.3000,78.3170,0.0
2019-04-25 22:27:00,78.3150,78.3290,78.3000,78.3250,0.0
2019-04-25 22:26:00,78.3000,78.3180,78.3000,78.3070,0.0
2019-04-25 22:25:00,78.3000,78.3170,78.2900,78.3160,0.0
2019-04-25 22:24:00,78.3000,78.3150,78.2900,78.3090,0.0
2019-04-25 22:23:00,78.3060,78.3150,78.2900,78.3030,0.0
2019-04-25 22:22:00,78.2900,78.3100,78.2900,78.3060,0.0
2019-04-25 22:21:00,78.3030,78.3080,78.2800,78.2980,0.0
2019-04-25 22:20:00,78.2900,78.3060,78.2800,78.3030,0.0
2019-04-25 22:19:00,78.3090,78.3110,78.2800,78.2920,0.0
2019-04-25 22:18:00,78.2800,78.3160,78.2800,78.3010,0.0
2019-04-25 22:17:00,78.3020,78.3060,78.2800,78.2980,0.0
2019-04-25 22:16:00,78.3000,78.3100,78.2800,78.3020,0.0
2019-04-25 22:15:00,78.3070,78.3080,78.2800,78.2970,0.0
2019-04-25 22:14:00,78.3000,78.3080,78.2800,78.3040,0.0
2019-04-25 22:13:00,78.3030,78.3100,78.2800,78.2960,0.0
2019-04-25 22:12:00,78.2900,78.3070,78.2800,78.3030,0.0
2019-04-25 22:11:00,78.3010,78.3110,78.2800,78.3030,0.0
2019-04-25 22:10:00,78.3080,78.3120,78.2800,78.3030,0.0
2019-04-25 22:09:00,78.3000,78.3150,78.2800,78.3080,0.0
2019-04-25 22:08:00,78.3100,78.3190,78.2900,78.3030,0.0
2019-04-25 22:07:00,78.3180,78.3210,78.3000,78.3090,0.0
2019-04-25 22:06:00,78.2900,78.3210,78.2800,78.3140,0.0
2019-04-25 22:05:00,78.3040,78.3040,78.2700,78.3000,0.0
2019-04-25 22:04:00,78.2800,78.3070,78.2800,78.3000,0.0
2019-04-25 22:03:00,78.2880,78.2930,78.2700,78.2880,0.0
2019-04-25 22:02:00,78.2800,78.2900,78.2700,78.2880,0.0
2019-04-25 22:01:00,78.2890,78.2930,78.2700,78.2890,0.0
2019-04-25 22:00:00,78.2770,78.2930,78.2600,78.2790,0.0
2019-04-25 21:59:00,78.2820,78.2930,78.2500,78.2720,0.0
2019-04-25 21:58:00,78.2900,78.2930,78.2600,78.2830,0.0
2019-04-25 21:57:00,78.2810,78.2940,78.2600,78.2830,0.0
2019-04-25 21:56:00,78.2900,78.2930,78.2600,78.2820,0.0
2019-04-25 21:55:00,78.2760,78.2860,78.2500,78.2810,0.0
2019-04-25 21:54:00,78.2750,78.2920,78.2500,78.2770,0.0
2019-04-25 21:53:00,78.2750,78.2910,78.2500,78.2730,0.0
2019-04-25 21:52:00,78.2700,78.2840,78.2500,78.2700,0.0
2019-04-25 21:51:00,78.2710,78.2950,78.2500,78.2750,0.0
2019-04-25 21:50:00,78.2800,78.2910,78.2600,78.2750,0.0
2019-04-25 21:49:00,78.2760,78.2910,78.2600,78.2760,0.0
2019-04-25 21:48:00,78.2800,78.2930,78.2600,78.2760,0.0
2019-04-25 21:47:00,78.2790,78.2930,78.2600,78.2800,0.0
2019-04-25 21:46:00,78.2700,78.2920,78.2500,78.2790,0.0
2019-04-25 21:45:00,78.2770,78.2900,78.2500,78.2730,0.0
2019-04-25 21:44:00,78.2700,78.2860,78.2500,78.2800,0.0
2019-04-25 21:43:00,78.2770,78.2850,78.2500,78.2730,0.0
2019-04-25 21:42:00,78.2800,78.2840,78.2500,78.2770,0.0
2019-04-25 21:41:00,78.2760,78.2850,78.2610,78.2760,0.0
2019-04-25 21:40:00,78.2800,78.2880,78.2500,78.2760,0.0
2019-04-25 21:39:00,78.2700,78.2870,78.2500,78.2750,0.0
2019-04-25 21:38:00,78.2700,78.2740,78.2400,78.2700,0.0
2019-04-25 21:37:00,78.2690,78.2760,78.2400,78.2700,0.0
2019-04-25 21:36:00,78.2800,78.2800,78.2400,78.2690,0.0
2019-04-25 21:35:00,78.2650,78.2830,78.2400,78.2670,0.0
2019-04-25 21:34:00,78.2700,78.2830,78.2400,78.2650,0.0
2019-04-25 21:33:00,78.2600,78.2770,78.2300,78.2620,0.0
2019-04-25 21:32:00,78.2700,78.2840,78.2400,78.2480,0.0
2019-04-25 21:31:00,78.2760,78.2900,78.2500,78.2720,0.0
2019-04-25 21:30:00,78.2680,78.2900,78.2400,78.2750,0.0
2019-04-25 21:29:00,78.2690,78.2830,78.2400,78.2540,0.0
2019-04-25 21:28:00,78.2700,78.2880,78.2500,78.2690,0.0
2019-04-25 21:27:00,78.2620,78.2860,78.2480,78.2650,0.0
2019-04-25 21:26:00,78.2640,78.2860,78.2460,78.2620,0.0
2019-04-25 21:25:00,78.2640,78.2820,78.2480,78.2640,0.0
2019-04-25 21:24:00,78.2700,78.2750,78.2500,78.2640,0.0
2019-04-25 21:23:00,78.2940,78.3000,78.2570,78.2570,0.0
2019-04-25 21:22:00,78.3000,78.3110,78.2710,78.2930,0.0
2019-04-25 21:21:00,78.2760,78.2910,78.2600,78.2880,0.0
2019-04-25 21:20:00,78.2800,78.3000,78.2600,78.2760,0.0
2019-04-25 21:19:00,78.2790,78.2880,78.2700,78.2800,0.0
2019-04-25 21:18:00,78.2800,78.2900,78.2590,78.2800,0.0
2019-04-25 21:17:00,78.2800,78.2910,78.2600,78.2810,0.0
2019-04-25 21:16:00,78.2900,78.2900,78.2600,78.2810,0.0
2019-04-25 21:15:00,78.2730,78.2990,78.2600,78.2820,0.0
2019-04-25 21:14:00,78.2670,78.3000,78.2520,78.2790,0.0
2019-04-25 21:13:00,78.2610,78.2990,78.2500,78.2620,0.0
2019-04-25 21:12:00,78.3100,78.3100,78.2540,78.2610,0.0
2019-04-25 21:11:00,78.3050,78.3140,78.2800,78.3030,0.0
2019-04-25 21:10:00,78.3290,78.3410,78.2780,78.3050,0.0
2019-04-25 21:09:00,78.2600,78.3510,78.2600,78.3290,0.0
2019-04-25 21:08:00,78.2800,78.2800,78.2500,78.2790,0.0
2019-04-25 21:07:00,78.2940,78.3100,78.2080,78.2750,0.0
2019-04-25 21:06:00,78.3100,78.3100,78.2210,78.2940,0.0
2019-04-25 21:05:00,78.2390,78.3000,78.2390,78.2690,0.0
2019-04-25 21:04:00,78.2740,78.2900,78.2700,78.2840,0.0
2019-04-25 21:03:00,78.2830,78.2830,78.2700,78.2740,0.0
2019-04-25 21:02:00,78.2900,78.2920,78.1470,78.2830,0.0
2019-04-25 21:01:00,78.2890,78.2940,78.2590,78.2850,0.0
2019-04-25 21:00:00,78.3100,78.3100,78.2610,78.2880,0.0
2019-04-25 20:59:00,78.3190,78.3260,78.2830,78.2830,0.0
2019-04-25 20:58:00,78.3100,78.3300,78.3000,78.3190,0.0
2019-04-25 20:57:00,78.3330,78.3420,78.3000,78.3140,0.0
2019-04-25 20:56:00,78.3200,78.3430,78.3100,78.3330,0.0
2019-04-25 20:55:00,78.3380,78.3440,78.3100,78.3280,0.0
2019-04-25 20:54:00,78.3300,78.3460,78.3200,78.3380,0.0
2019-04-25 20:53:00,78.3380,78.3450,78.3200,78.3370,0.0
2019-04-25 20:52:00,78.3500,78.3500,78.3100,78.3380,0.0
2019-04-25 20:51:00,78.3400,78.3450,78.3200,78.3360,0.0
2019-04-25 20:50:00,78.3300,78.3490,78.3200,78.3400,0.0
2019-04-25 20:49:00,78.3530,78.3530,78.3300,78.3440,0.0
2019-04-25 20:48:00,78.3380,78.3530,78.3200,78.3510,0.0
2019-04-25 20:47:00,78.3420,78.3470,78.3200,78.3430,0.0
2019-04-25 20:46:00,78.3200,78.3470,78.3100,78.3420,0.0
2019-04-25 20:45:00,78.3360,78.3420,78.3100,78.3340,0.0
2019-04-25 20:44:00,78.3200,78.3410,78.3100,78.3320,0.0
2019-04-25 20:43:00,78.3380,78.3430,78.3200,78.3380,0.0
2019-04-25 20:42:00,78.3200,78.3420,78.3200,78.3380,0.0
2019-04-25 20:41:00,78.3410,78.3420,78.3200,78.3370,0.0
2019-04-25 20:40:00,78.3200,78.3400,78.3100,78.3360,0.0
2019-04-25 20:39:00,78.3310,78.3400,78.3100,78.3300,0.0
2019-04-25 20:38:00,78.3200,78.3330,78.3000,78.3310,0.0
2019-04-25 20:37:00,78.3280,78.3340,78.3100,78.3310,0.0
2019-04-25 20:36:00,78.3000,78.3320,78.3000,78.3280,0.0
2019-04-25 20:35:00,78.3230,78.3270,78.3000,78.3230,0.0
2019-04-25 20:34:00,78.3100,78.3270,78.3000,78.3190,0.0
2019-04-25 20:33:00,78.3230,78.3270,78.3000,78.3100,0.0
2019-04-25 20:32:00,78.3200,78.3240,78.3000,78.3240,0.0
2019-04-25 20:31:00,78.3230,78.3240,78.3000,78.3180,0.0
2019-04-25 20:30:00,78.3000,78.3250,78.3000,78.3230,0.0
2019-04-25 20:29:00,78.3160,78.3200,78.2900,78.3180,0.0
2019-04-25 20:28:00,78.3000,78.3180,78.2900,78.3150,0.0
2019-04-25 20:27:00,78.3160,78.3190,78.3000,78.3160,0.0
2019-04-25 20:26:00,78.3000,78.3200,78.3000,78.3160,0.0
2019-04-25 20:25:00,78.3160,78.3200,78.3000,78.3160,0.0
2019-04-25 20:24:00,78.3230,78.3280,78.3000,78.3160,0.0
2019-04-25 20:23:00,78.3230,78.3300,78.3000,78.3280,0.0
2019-04-25 20:22:00,78.3100,78.3250,78.3000,78.3230,0.0
2019-04-25 20:21:00,78.3120,78.3230,78.3000,78.3220,0.0
2019-04-25 20:20:00,78.2900,78.3150,78.2900,78.3120,0.0
2019-04-25 20:19:00,78.3000,78.3100,78.2900,78.3100,0.0
2019-04-25 20:18:00,78.2900,78.3090,78.2900,78.3080,0.0
2019-04-25 20:17:00,78.2990,78.3080,78.2800,78.3080,0.0
2019-04-25 20:16:00,78.2900,78.3070,78.2800,78.3050,0.0
2019-04-25 20:15:00,78.3040,78.3060,78.2800,78.3040,0.0
2019-04-25 20:14:00,78.2900,78.3100,78.2800,78.3030,0.0
2019-04-25 20:13:00,78.3050,78.3090,78.2900,78.3050,0.0
2019-04-25 20:12:00,78.2900,78.3090,78.2900,78.3050,0.0
2019-04-25 20:11:00,78.3130,78.3140,78.2800,78.3050,0.0
2019-04-25 20:10:00,78.3100,78.3220,78.2900,78.3130,0.0
2019-04-25 20:09:00,78.3200,78.3230,78.3000,78.3190,0.0
2019-04-25 20:08:00,78.3100,78.3250,78.3000,78.3200,0.0
2019-04-25 20:07:00,78.3150,78.3220,78.3000,78.3200,0.0
2019-04-25 20:06:00,78.3000,78.3170,78.2900,78.3150,0.0
2019-04-25 20:05:00,78.3110,78.3150,78.2900,78.3110,0.0
2019-04-25 20:04:00,78.2900,78.3130,78.2900,78.3110,0.0
2019-04-25 20:03:00,78.3100,78.3140,78.2900,78.3070,0.0
2019-04-25 20:02:00,78.3000,78.3140,78.2900,78.3100,0.0
2019-04-25 20:01:00,78.3150,78.3190,78.2900,78.3120,0.0
2019-04-25 20:00:00,78.3100,78.3250,78.3000,78.3150,0.0
2019-04-25 19:59:00,78.3300,78.3330,78.3100,78.3250,0.0
2019-04-25 19:58:00,78.3200,78.3320,78.3100,78.3300,0.0
2019-04-25 19:57:00,78.3370,78.3380,78.3100,78.3300,0.0
2019-04-25 19:56:00,78.3400,78.3420,78.3100,78.3380,0.0
2019-04-25 19:55:00,78.3300,78.3410,78.3100,78.3280,0.0
2019-04-25 19:54:00,78.3370,78.3410,78.3100,78.3100,0.0
2019-04-25 19:53:00,78.3380,78.3400,78.3100,78.3370,0.0
2019-04-25 19:52:00,78.3200,78.3430,78.3100,78.3370,0.0
2019-04-25 19:51:00,78.3360,78.3400,78.3100,78.3340,0.0
2019-04-25 19:50:00,78.3320,78.3390,78.3100,78.3360,0.0
2019-04-25 19:49:00,78.3370,78.3400,78.3100,78.3320,0.0
2019-04-25 19:48:00,78.3200,78.3380,78.3100,78.3360,0.0
2019-04-25 19:47:00,78.3350,78.3390,78.3100,78.3360,0.0
2019-04-25 19:46:00,78.3200,78.3460,78.3100,78.3350,0.0
2019-04-25 19:45:00,78.3290,78.3390,78.3100,78.3380,0.0
2019-04-25 19:44:00,78.3270,78.3340,78.3100,78.3250,0.0
2019-04-25 19:43:00,78.3200,78.3320,78.3000,78.3270,0.0
2019-04-25 19:42:00,78.3100,78.3240,78.3000,78.3200,0.0
2019-04-25 19:41:00,78.3000,78.3240,78.3000,78.3180,0.0
2019-04-25 19:40:00,78.3000,78.3240,78.3000,78.3230,0.0
2019-04-25 19:39:00,78.3160,78.3200,78.3000,78.3150,0.0
2019-04-25 19:38:00,78.3000,78.3200,78.2900,78.3160,0.0
2019-04-25 19:37:00,78.3210,78.3240,78.2900,78.3140,0.0
2019-04-25 19:36:00,78.3000,78.3210,78.3000,78.3190,0.0
2019-04-25 19:35:00,78.3130,78.3210,78.3000,78.3190,0.0
2019-04-25 19:34:00,78.3000,78.3210,78.3000,78.3180,0.0
2019-04-25 19:33:00,78.3190,78.3210,78.3000,78.3170,0.0
2019-04-25 19:32:00,78.2900,78.3230,78.2900,78.3190,0.0
2019-04-25 19:31:00,78.3050,78.3130,78.2900,78.3110,0.0
2019-04-25 19:30:00,78.3130,78.3180,78.2800,78.3040,0.0
2019-04-25 19:29:00,78.3120,78.3150,78.2900,78.3140,0.0
2019-04-25 19:28:00,78.3100,78.3140,78.2900,78.3120,0.0
2019-04-25 19:27:00,78.3120,78.3150,78.2900,78.3030,0.0
2019-04-25 19:26:00,78.3100,78.3130,78.2900,78.3120,0.0
2019-04-25 19:25:00,78.3060,78.3110,78.2800,78.3050,0.0
2019-04-25 19:24:00,78.2900,78.3120,78.2800,78.3050,0.0
2019-04-25 19:23:00,78.3060,78.3060,78.2900,78.3050,0.0
2019-04-25 19:22:00,78.2900,78.3070,78.2800,78.3060,0.0
2019-04-25 19:21:00,78.3060,78.3070,78.2800,78.3050,0.0
2019-04-25 19:20:00,78.2900,78.3060,78.2800,78.3050,0.0
2019-04-25 19:19:00,78.3090,78.3110,78.2800,78.3020,0.0
2019-04-25 19:18:00,78.2900,78.3100,78.2800,78.3090,0.0
2019-04-25 19:17:00,78.2990,78.3010,78.2800,78.3000,0.0
2019-04-25 19:16:00,78.2700,78.3000,78.2600,78.2990,0.0
2019-04-25 19:15:00,78.2740,78.2840,78.2500,78.2820,0.0
2019-04-25 19:14:00,78.2690,78.2750,78.2500,78.2740,0.0
2019-04-25 19:13:00,78.2740,78.2760,78.2500,78.2640,0.0
2019-04-25 19:12:00,78.2600,78.2780,78.2500,78.2750,0.0
2019-04-25 19:11:00,78.2760,78.2790,78.2500,78.2720,0.0
2019-04-25 19:10:00,78.2750,78.2800,78.2500,78.2760,0.0
2019-04-25 19:09:00,78.2800,78.2820,78.2600,78.2750,0.0
2019-04-25 19:08:00,78.2700,78.2850,78.2600,78.2800,0.0
2019-04-25 19:07:00,78.2770,78.2850,78.2600,78.2600,0.0
2019-04-25 19:06:00,78.2760,78.2800,78.2500,78.2770,0.0
2019-04-25 19:05:00,78.2820,78.2830,78.2500,78.2760,0.0
2019-04-25 19:04:00,78.2600,78.2870,78.2600,78.2820,0.0
2019-04-25 19:03:00,78.2740,78.2790,78.2500,78.2770,0.0
2019-04-25 19:02:00,78.2600,78.2750,78.2500,78.2740,0.0
2019-04-25 19:01:00,78.2630,78.2710,78.2400,78.2700,0.0
2019-04-25 19:00:00,78.2300,78.2660,78.2300,78.2630,0.0
2019-04-25 18:59:00,78.2620,78.2700,78.2300,78.2510,0.0
2019-04-25 18:58:00,78.2500,78.2680,78.2300,78.2400,0.0
2019-04-25 18:57:00,78.2630,78.2670,78.2400,78.2640,0.0
2019-04-25 18:56:00,78.2500,78.2670,78.2400,78.2630,0.0
2019-04-25 18:55:00,78.2690,78.2720,78.2400,78.2640,0.0
2019-04-25 18:54:00,78.2600,78.2810,78.2500,78.2690,0.0
2019-04-25 18:53:00,78.2790,78.2870,78.2500,78.2810,0.0
2019-04-25 18:52:00,78.2600,78.2820,78.2500,78.2770,0.0
2019-04-25 18:51:00,78.2730,78.2770,78.2500,78.2750,0.0
2019-04-25 18:50:00,78.2600,78.2860,78.2600,78.2730,0.0
2019-04-25 18:49:00,78.2780,78.2860,78.2600,78.2790,0.0
2019-04-25 18:48:00,78.2600,78.2810,78.2500,78.2780,0.0
2019-04-25 18:47:00,78.2790,78.2820,78.2500,78.2710,0.0
2019-04-25 18:46:00,78.2700,78.2890,78.2600,78.2790,0.0
2019-04-25 18:45:00,78.2740,78.2880,78.2500,78.2850,0.0
2019-04-25 18:44:00,78.2600,78.2790,78.2500,78.2680,0.0
2019-04-25 18:43:00,78.2800,78.2820,78.2500,78.2780,0.0
2019-04-25 18:42:00,78.2500,78.2830,78.2500,78.2800,0.0
2019-04-25 18:41:00,78.2710,78.2730,78.2400,78.2720,0.0
2019-04-25 18:40:00,78.2680,78.2730,78.2400,78.2710,0.0
2019-04-25 18:39:00,78.2810,78.2810,78.2400,78.2680,0.0
2019-04-25 18:38:00,78.2760,78.2830,78.2500,78.2810,0.0
2019-04-25 18:37:00,78.2770,78.2790,78.2600,78.2760,0.0
2019-04-25 18:36:00,78.2600,78.2790,78.2500,78.2770,0.0
2019-04-25 18:35:00,78.2840,78.2840,78.2500,78.2750,0.0
2019-04-25 18:34:00,78.2700,78.2910,78.2600,78.2840,0.0
2019-04-25 18:33:00,78.2780,78.2890,78.2600,78.2870,0.0
2019-04-25 18:32:00,78.2700,78.2840,78.2600,78.2780,0.0
2019-04-25 18:31:00,78.2860,78.2880,78.2600,78.2820,0.0
2019-04-25 18:30:00,78.2910,78.2940,78.2600,78.2850,0.0
2019-04-25 18:29:00,78.2840,78.2940,78.2600,78.2910,0.0
2019-04-25 18:28:00,78.2700,78.2890,78.2600,78.2790,0.0
2019-04-25 18:27:00,78.2880,78.2910,78.2600,78.2880,0.0
2019-04-25 18:26:00,78.2700,78.2880,78.2600,78.2860,0.0
2019-04-25 18:25:00,78.2780,78.2900,78.2600,78.2850,0.0
2019-04-25 18:24:00,78.2600,78.2860,78.2600,78.2760,0.0
2019-04-25 18:23:00,78.2800,78.2840,78.2500,78.2800,0.0
2019-04-25 18:22:00,78.2700,78.2870,78.2600,78.2820,0.0
2019-04-25 18:21:00,78.2800,78.2880,78.2600,78.2830,0.0
2019-04-25 18:20:00,78.2600,78.2860,78.2500,78.2800,0.0
2019-04-25 18:19:00,78.2840,78.2850,78.2600,78.2800,0.0
2019-04-25 18:18:00,78.2710,78.2860,78.2500,78.2840,0.0
2019-04-25 18:17:00,78.2700,78.2740,78.2500,78.2710,0.0
2019-04-25 18:16:00,78.2500,78.2770,78.2500,78.2700,0.0
2019-04-25 18:15:00,78.2650,78.2710,78.2400,78.2710,0.0
2019-04-25 18:14:00,78.2620,78.2660,78.2400,78.2650,0.0
2019-04-25 18:13:00,78.2590,78.2660,78.2400,78.2620,0.0
2019-04-25 18:12:00,78.2400,78.2610,78.2300,78.2590,0.0
2019-04-25 18:11:00,78.2610,78.2610,78.2300,78.2550,0.0
2019-04-25 18:10:00,78.2400,78.2610,78.2300,78.2610,0.0
2019-04-25 18:09:00,78.2530,78.2560,78.2300,78.2530,0.0
2019-04-25 18:08:00,78.2470,78.2550,78.2300,78.2530,0.0
2019-04-25 18:07:00,78.2410,78.2480,78.2200,78.2470,0.0
2019-04-25 18:06:00,78.2200,78.2420,78.2100,78.2410,0.0
2019-04-25 18:05:00,78.2360,78.2400,78.2100,78.2200,0.0
2019-04-25 18:04:00,78.2360,78.2420,78.2100,78.2360,0.0
2019-04-25 18:03:00,78.2350,78.2370,78.2100,78.2360,0.0
2019-04-25 18:02:00,78.2300,78.2360,78.2100,78.2350,0.0
2019-04-25 18:01:00,78.2330,78.2390,78.2100,78.2310,0.0
2019-04-25 18:00:00,78.2200,78.2470,78.2100,78.2330,0.0
2019-04-25 17:59:00,78.2270,78.2360,78.2100,78.2320,0.0
2019-04-25 17:58:00,78.2200,78.2360,78.2000,78.2270,0.0
2019-04-25 17:57:00,78.2270,78.2370,78.2000,78.2310,0.0
2019-04-25 17:56:00,78.2100,78.2280,78.2000,78.2260,0.0
2019-04-25 17:55:00,78.2220,78.2250,78.2000,78.2200,0.0
2019-04-25 17:54:00,78.2100,78.2260,78.2000,78.2220,0.0
2019-04-25 17:53:00,78.2230,78.2250,78.2000,78.2240,0.0
2019-04-25 17:52:00,78.2300,78.2340,78.2000,78.2230,0.0
2019-04-25 17:51:00,78.2100,78.2380,78.2100,78.2300,0.0
2019-04-25 17:50:00,78.2200,78.2420,78.2100,78.2380,0.0
2019-04-25 17:49:00,78.2330,78.2400,78.2100,78.2320,0.0
2019-04-25 17:48:00,78.2200,78.2380,78.2100,78.2330,0.0
2019-04-25 17:47:00,78.2400,78.2430,78.2100,78.2340,0.0
2019-04-25 17:46:00,78.2200,78.2430,78.2200,78.2340,0.0
2019-04-25 17:45:00,78.2390,78.2430,78.2200,78.2390,0.0
2019-04-25 17:44:00,78.2200,78.2460,78.2200,78.2380,0.0
2019-04-25 17:43:00,78.2440,78.2440,78.2200,78.2410,0.0
2019-04-25 17:42:00,78.2400,78.2530,78.2200,78.2410,0.0
2019-04-25 17:41:00,78.2470,78.2540,78.2300,78.2520,0.0
2019-04-25 17:40:00,78.2300,78.2510,78.2200,78.2470,0.0
2019-04-25 17:39:00,78.2340,78.2440,78.2100,78.2420,0.0
2019-04-25 17:38:00,78.2330,78.2390,78.2100,78.2340,0.0
2019-04-25 17:37:00,78.2350,78.2380,78.2100,78.2330,0.0
2019-04-25 17:36:00,78.2100,78.2380,78.2100,78.2350,0.0
2019-04-25 17:35:00,78.2390,78.2430,78.2100,78.2310,0.0
2019-04-25 17:34:00,78.2300,78.2500,78.2200,78.2330,0.0
2019-04-25 17:33:00,78.2450,78.2500,78.2200,78.2400,0.0
2019-04-25 17:32:00,78.2300,78.2470,78.2200,78.2450,0.0
2019-04-25 17:31:00,78.2470,78.2490,78.2200,78.2450,0.0
2019-04-25 17:30:00,78.2300,78.2510,78.2200,78.2470,0.0
2019-04-25 17:29:00,78.2450,78.2490,78.2200,78.2460,0.0
2019-04-25 17:28:00,78.2300,78.2480,78.2200,78.2450,0.0
2019-04-25 17:27:00,78.2330,78.2470,78.2100,78.2470,0.0
2019-04-25 17:26:00,78.2300,78.2380,78.2100,78.2320,0.0
2019-04-25 17:25:00,78.2350,78.2370,78.2100,78.2310,0.0
2019-04-25 17:24:00,78.2200,78.2400,78.2100,78.2310,0.0
2019-04-25 17:23:00,78.2430,78.2450,78.2100,78.2360,0.0
2019-04-25 17:22:00,78.2300,78.2480,78.2200,78.2430,0.0
2019-04-25 17:21:00,78.2350,78.2480,78.2100,78.2460,0.0
2019-04-25 17:20:00,78.2200,78.2360,78.2100,78.2350,0.0
2019-04-25 17:19:00,78.2400,78.2470,78.2100,78.2340,0.0
2019-04-25 17:18:00,78.2200,78.2410,78.2200,78.2400,0.0
2019-04-25 17:17:00,78.2320,78.2390,78.2100,78.2380,0.0
2019-04-25 17:16:00,78.2200,78.2360,78.2100,78.2320,0.0
2019-04-25 17:15:00,78.2320,78.2370,78.2100,78.2340,0.0
2019-04-25 17:14:00,78.2200,78.2380,78.2100,78.2320,0.0
2019-04-25 17:13:00,78.2390,78.2420,78.2100,78.2360,0.0
2019-04-25 17:12:00,78.2200,78.2450,78.2200,78.2390,0.0
2019-04-25 17:11:00,78.2410,78.2450,78.2200,78.2390,0.0
2019-04-25 17:10:00,78.2200,78.2420,78.2200,78.2410,0.0
2019-04-25 17:09:00,78.2330,78.2410,78.2100,78.2380,0.0
2019-04-25 17:08:00,78.2100,78.2340,78.2000,78.2340,0.0
2019-04-25 17:07:00,78.2220,78.2280,78.2000,78.2250,0.0
2019-04-25 17:06:00,78.2100,78.2290,78.2000,78.2220,0.0
2019-04-25 17:05:00,78.2210,78.2320,78.2000,78.2270,0.0
2019-04-25 17:04:00,78.2100,78.2290,78.2000,78.2210,0.0
2019-04-25 17:03:00,78.2210,78.2310,78.1900,78.2280,0.0
2019-04-25 17:02:00,78.2200,78.2220,78.1900,78.2210,0.0
2019-04-25 17:01:00,78.2230,78.2290,78.2000,78.2190,0.0
2019-04-25 17:00:00,78.2100,78.2280,78.2000,78.2230,0.0
2019-04-25 16:59:00,78.2200,78.2300,78.2000,78.2240,0.0
2019-04-25 16:58:00,78.2000,78.2230,78.2000,78.2200,0.0
2019-04-25 16:57:00,78.2160,78.2190,78.1900,78.2170,0.0
2019-04-25 16:56:00,78.2000,78.2210,78.1900,78.2160,0.0
2019-04-25 16:55:00,78.2110,78.2200,78.1900,78.2190,0.0
2019-04-25 16:54:00,78.2000,78.2180,78.1900,78.2110,0.0
2019-04-25 16:53:00,78.2180,78.2190,78.1900,78.2160,0.0
2019-04-25 16:52:00,78.2000,78.2200,78.1900,78.2180,0.0
2019-04-25 16:51:00,78.2180,78.2200,78.2000,78.2170,0.0
2019-04-25 16:50:00,78.2100,78.2230,78.2000,78.2180,0.0
2019-04-25 16:49:00,78.2210,78.2230,78.2000,78.2210,0.0
2019-04-25 16:48:00,78.1900,78.2210,78.1900,78.2180,0.0
2019-04-25 16:47:00,78.2080,78.2140,78.1900,78.2110,0.0
2019-04-25 16:46:00,78.2000,78.2200,78.1900,78.2080,0.0
2019-04-25 16:45:00,78.2080,78.2180,78.1900,78.2110,0.0
2019-04-25 16:44:00,78.2000,78.2160,78.1900,78.2080,0.0
2019-04-25 16:43:00,78.2190,78.2250,78.1900,78.2120,0.0
2019-04-25 16:42:00,78.2330,78.2350,78.2000,78.2180,0.0
2019-04-25 16:41:00,78.2340,78.2370,78.2100,78.2330,0.0
2019-04-25 16:40:00,78.2200,78.2370,78.2100,78.2340,0.0
2019-04-25 16:39:00,78.2390,78.2450,78.2100,78.2370,0.0
2019-04-25 16:38:00,78.2330,78.2410,78.2100,78.2390,0.0
2019-04-25 16:37:00,78.2350,78.2370,78.2100,78.2300,0.0
2019-04-25 16:36:00,78.2320,78.2410,78.2100,78.2350,0.0
2019-04-25 16:35:00,78.2330,78.2350,78.2100,78.2330,0.0
2019-04-25 16:34:00,78.2100,78.2340,78.2000,78.2330,0.0
2019-04-25 16:33:00,78.2300,78.2320,78.2000,78.2270,0.0
2019-04-25 16:32:00,78.2100,78.2320,78.2100,78.2300,0.0
2019-04-25 16:31:00,78.2270,78.2320,78.2000,78.2270,0.0
2019-04-25 16:30:00,78.2100,78.2370,78.2000,78.2270,0.0
2019-04-25 16:29:00,78.2400,78.2410,78.2100,78.2290,0.0
2019-04-25 16:28:00,78.2200,78.2440,78.2100,78.2400,0.0
2019-04-25 16:27:00,78.2330,78.2360,78.2100,78.2340,0.0
2019-04-25 16:26:00,78.2100,78.2360,78.2100,78.2330,0.0
2019-04-25 16:25:00,78.2350,78.2380,78.2100,78.2330,0.0
2019-04-25 16:24:00,78.2300,78.2490,78.2100,78.2350,0.0
2019-04-25 16:23:00,78.2410,78.2480,78.2200,78.2390,0.0
2019-04-25 16:22:00,78.2200,78.2470,78.2200,78.2410,0.0
2019-04-25 16:21:00,78.2350,78.2400,78.2100,78.2370,0.0
2019-04-25 16:20:00,78.2200,78.2370,78.2100,78.2350,0.0
2019-04-25 16:19:00,78.2310,78.2410,78.2100,78.2320,0.0
2019-04-25 16:18:00,78.2200,78.2390,78.2100,78.2360,0.0
2019-04-25 16:17:00,78.2410,78.2440,78.2200,78.2370,0.0
2019-04-25 16:16:00,78.2380,78.2430,78.2200,78.2410,0.0
2019-04-25 16:15:00,78.2410,78.2470,78.2100,78.2380,0.0
2019-04-25 16:14:00,78.2200,78.2460,78.2100,78.2410,0.0
2019-04-25 16:13:00,78.2320,78.2400,78.2100,78.2320,0.0
2019-04-25 16:12:00,78.2200,78.2370,78.2100,78.2320,0.0
2019-04-25 16:11:00,78.2430,78.2470,78.2100,78.2100,0.0
2019-04-25 16:10:00,78.2100,78.2440,78.2100,78.2440,0.0
2019-04-25 16:09:00,78.2360,78.2420,78.2100,78.2290,0.0
2019-04-25 16:08:00,78.2200,78.2370,78.2100,78.2360,0.0
2019-04-25 16:07:00,78.2390,78.2410,78.2100,78.2360,0.0
2019-04-25 16:06:00,78.2200,78.2450,78.2100,78.2380,0.0
2019-04-25 16:05:00,78.2230,78.2440,78.2100,78.2370,0.0
2019-04-25 16:04:00,78.2000,78.2250,78.2000,78.2000,0.0
2019-04-25 16:03:00,78.2280,78.2300,78.2000,78.2000,0.0
2019-04-25 16:02:00,78.2290,78.2320,78.2100,78.2250,0.0
2019-04-25 16:01:00,78.2350,78.2360,78.2000,78.2290,0.0
2019-04-25 16:00:00,78.2100,78.2380,78.2100,78.2350,0.0
2019-04-25 15:59:00,78.2390,78.2480,78.2100,78.2300,0.0
2019-04-25 15:58:00,78.2200,78.2440,78.2200,78.2380,0.0
2019-04-25 15:57:00,78.2370,78.2470,78.2100,78.2390,0.0
2019-04-25 15:56:00,78.2300,78.2470,78.2100,78.2370,0.0
2019-04-25 15:55:00,78.2350,78.2470,78.2200,78.2430,0.0
2019-04-25 15:54:00,78.2350,78.2410,78.2100,78.2350,0.0
2019-04-25 15:53:00,78.2340,78.2430,78.2100,78.2370,0.0
2019-04-25 15:52:00,78.2000,78.2350,78.2000,78.2340,0.0
2019-04-25 15:51:00,78.2000,78.2280,78.2000,78.2210,0.0
2019-04-25 15:50:00,78.2000,78.2230,78.1900,78.2220,0.0
2019-04-25 15:49:00,78.2210,78.2240,78.1900,78.2140,0.0
2019-04-25 15:48:00,78.2000,78.2240,78.1900,78.2210,0.0
2019-04-25 15:47:00,78.2220,78.2290,78.2000,78.2170,0.0
2019-04-25 15:46:00,78.2100,78.2310,78.2000,78.2220,0.0
2019-04-25 15:45:00,78.2260,78.2340,78.2000,78.2270,0.0
2019-04-25 15:44:00,78.2100,78.2420,78.2000,78.2270,0.0
2019-04-25 15:43:00,78.2270,78.2360,78.2000,78.2330,0.0
2019-04-25 15:42:00,78.2220,78.2300,78.2000,78.2270,0.0
2019-04-25 15:41:00,78.2250,78.2300,78.1900,78.2220,0.0
2019-04-25 15:40:00,78.2000,78.2290,78.1900,78.2250,0.0
2019-04-25 15:39:00,78.2130,78.2210,78.1900,78.2180,0.0
2019-04-25 15:38:00,78.2190,78.2240,78.1900,78.2130,0.0
2019-04-25 15:37:00,78.2180,78.2210,78.1900,78.2190,0.0
2019-04-25 15:36:00,78.1800,78.2240,78.1800,78.2180,0.0
2019-04-25 15:35:00,78.1980,78.2080,78.1700,78.2000,0.0
2019-04-25 15:34:00,78.1800,78.2000,78.1700,78.1960,0.0
2019-04-25 15:33:00,78.1860,78.2000,78.1600,78.1970,0.0
2019-04-25 15:32:00,78.1600,78.1920,78.1500,78.1830,0.0
2019-04-25 15:31:00,78.1710,78.1810,78.1500,78.1740,0.0
2019-04-25 15:30:00,78.1570,78.1730,78.1400,78.1670,0.0
2019-04-25 15:29:00,78.1550,78.1640,78.1300,78.1620,0.0
2019-04-25 15:28:00,78.1400,78.1620,78.1300,78.1550,0.0
2019-04-25 15:27:00,78.1640,78.1700,78.1400,78.1580,0.0
2019-04-25 15:26:00,78.1680,78.1740,78.1400,78.1660,0.0
2019-04-25 15:25:00,78.1340,78.1720,78.1100,78.1680,0.0
2019-04-25 15:24:00,78.1200,78.1390,78.1100,78.1340,0.0
2019-04-25 15:23:00,78.1400,78.1420,78.1100,78.1350,0.0
2019-04-25 15:22:00,78.1300,78.1440,78.1200,78.1370,0.0
2019-04-25 15:21:00,78.1310,78.1460,78.1100,78.1410,0.0
2019-04-25 15:20:00,78.1100,78.1320,78.1000,78.1320,0.0
2019-04-25 15:19:00,78.1300,78.1310,78.1000,78.1220,0.0
2019-04-25 15:18:00,78.1100,78.1320,78.1000,78.1300,0.0
2019-04-25 15:17:00,78.1300,78.1370,78.1000,78.1270,0.0
2019-04-25 15:16:00,78.1200,78.1400,78.1100,78.1300,0.0
2019-04-25 15:15:00,78.1440,78.1480,78.1100,78.1330,0.0
2019-04-25 15:14:00,78.1400,78.1590,78.1200,78.1460,0.0
2019-04-25 15:13:00,78.1520,78.1670,78.1300,78.1490,0.0
2019-04-25 15:12:00,78.1200,78.1630,78.1200,78.1540,0.0
2019-04-25 15:11:00,78.1380,78.1450,78.1100,78.1370,0.0
2019-04-25 15:10:00,78.1200,78.1450,78.1100,78.1380,0.0
2019-04-25 15:09:00,78.1490,78.1610,78.1200,78.1400,0.0
2019-04-25 15:08:00,78.1400,78.1650,78.1200,78.1490,0.0
2019-04-25 15:07:00,78.1570,78.1710,78.1300,78.1550,0.0
2019-04-25 15:06:00,78.1540,78.1690,78.1300,78.1570,0.0
2019-04-25 15:05:00,78.1670,78.1700,78.1400,78.1550,0.0
2019-04-25 15:04:00,78.1700,78.1740,78.1400,78.1690,0.0
2019-04-25 15:03:00,78.1480,78.1730,78.1300,78.1710,0.0
2019-04-25 15:02:00,78.1300,78.1530,78.1200,78.1500,0.0
2019-04-25 15:01:00,78.1630,78.1840,78.1200,78.1430,0.0
2019-04-25 15:00:00,78.1570,78.1730,78.1300,78.1620,0.0
2019-04-25 14:59:00,78.1530,78.1590,78.1200,78.1570,0.0
2019-04-25 14:58:00,78.1300,78.1570,78.1100,78.1530,0.0
2019-04-25 14:57:00,78.1520,78.1580,78.1200,78.1360,0.0
2019-04-25 14:56:00,78.1200,78.1660,78.1100,78.1520,0.0
2019-04-25 14:55:00,78.1380,78.1430,78.1100,78.1370,0.0
2019-04-25 14:54:00,78.1610,78.1620,78.1200,78.1390,0.0
2019-04-25 14:53:00,78.1690,78.1730,78.1400,78.1600,0.0
2019-04-25 14:52:00,78.1800,78.1950,78.1500,78.1500,0.0
2019-04-25 14:51:00,78.2000,78.2020,78.1700,78.1910,0.0
2019-04-25 14:50:00,78.2070,78.2110,78.1800,78.1980,0.0
2019-04-25 14:49:00,78.2060,78.2180,78.1900,78.2100,0.0
2019-04-25 14:48:00,78.1800,78.2190,78.1700,78.2060,0.0
2019-04-25 14:47:00,78.1740,78.2100,78.1500,78.2000,0.0
2019-04-25 14:46:00,78.1700,78.1820,78.1500,78.1740,0.0
2019-04-25 14:45:00,78.1610,78.1830,78.1400,78.1810,0.0
2019-04-25 14:44:00,78.1400,78.1640,78.1300,78.1600,0.0
2019-04-25 14:43:00,78.1650,78.1700,78.1400,78.1570,0.0
2019-04-25 14:42:00,78.1800,78.1980,78.1500,78.1650,0.0
2019-04-25 14:41:00,78.1860,78.1990,78.1600,78.1940,0.0
2019-04-25 14:40:00,78.1900,78.2030,78.1500,78.1600,0.0
2019-04-25 14:39:00,78.2070,78.2190,78.1800,78.2030,0.0
2019-04-25 14:38:00,78.1700,78.2160,78.1700,78.2070,0.0
2019-04-25 14:37:00,78.1770,78.1960,78.1500,78.1900,0.0
2019-04-25 14:36:00,78.1400,78.1790,78.1300,78.1790,0.0
2019-04-25 14:35:00,78.1310,78.1530,78.1000,78.1520,0.0
2019-04-25 14:34:00,78.1300,78.1490,78.1100,78.1310,0.0
2019-04-25 14:33:00,78.1300,78.1440,78.0900,78.1420,0.0
2019-04-25 14:32:00,78.1500,78.1620,78.1100,78.1300,0.0
2019-04-25 14:31:00,78.1470,78.1720,78.1200,78.1580,0.0
2019-04-25 14:30:00,78.2160,78.2190,78.1000,78.1410,0.0
2019-04-25 14:29:00,78.2190,78.2320,78.1900,78.2150,0.0
2019-04-25 14:28:00,78.2300,78.2310,78.1900,78.2260,0.0
2019-04-25 14:27:00,78.2220,78.2440,78.2000,78.2310,0.0
2019-04-25 14:26:00,78.2100,78.2310,78.2000,78.2250,0.0
2019-04-25 14:25:00,78.2270,78.2360,78.2000,78.2300,0.0
2019-04-25 14:24:00,78.2100,78.2320,78.2000,78.2270,0.0
2019-04-25 14:23:00,78.2300,78.2360,78.2000,78.2320,0.0
2019-04-25 14:22:00,78.2200,78.2330,78.2000,78.2300,0.0
2019-04-25 14:21:00,78.2280,78.2360,78.2000,78.2310,0.0
2019-04-25 14:20:00,78.2330,78.2380,78.2000,78.2320,0.0
2019-04-25 14:19:00,78.2030,78.2390,78.1900,78.2320,0.0
2019-04-25 14:18:00,78.1900,78.2140,78.1700,78.2070,0.0
2019-04-25 14:17:00,78.2190,78.2230,78.1800,78.2060,0.0
2019-04-25 14:16:00,78.2340,78.2370,78.1900,78.2180,0.0
2019-04-25 14:15:00,78.2280,78.2410,78.2000,78.2330,0.0
2019-04-25 14:14:00,78.2200,78.2430,78.1900,78.2280,0.0
2019-04-25 14:13:00,78.2340,78.2480,78.2100,78.2360,0.0
2019-04-25 14:12:00,78.2400,78.2570,78.2100,78.2340,0.0
2019-04-25 14:11:00,78.2600,78.2620,78.2300,78.2480,0.0
2019-04-25 14:10:00,78.2500,78.2650,78.2300,78.2600,0.0
2019-04-25 14:09:00,78.2580,78.2720,78.2400,78.2590,0.0
2019-04-25 14:08:00,78.2400,78.2620,78.2300,78.2570,0.0
2019-04-25 14:07:00,78.2380,78.2580,78.2200,78.2540,0.0
2019-04-25 14:06:00,78.2100,78.2420,78.2000,78.2380,0.0
2019-04-25 14:05:00,78.2200,78.2330,78.2000,78.2190,0.0
2019-04-25 14:04:00,78.2100,78.2250,78.1900,78.2200,0.0
2019-04-25 14:03:00,78.2170,78.2250,78.1900,78.2170,0.0
2019-04-25 14:02:00,78.2000,78.2260,78.1900,78.2160,0.0
2019-04-25 14:01:00,78.2080,78.2250,78.1800,78.2170,0.0
2019-04-25 14:00:00,78.1700,78.2190,78.1700,78.2090,0.0
2019-04-25 13:59:00,78.2230,78.2280,78.1700,78.1890,0.0
2019-04-25 13:58:00,78.2010,78.2250,78.1800,78.2220,0.0
2019-04-25 13:57:00,78.1960,78.2050,78.1700,78.2000,0.0
2019-04-25 13:56:00,78.1700,78.2010,78.1700,78.1950,0.0
2019-04-25 13:55:00,78.2010,78.2070,78.1700,78.1920,0.0
2019-04-25 13:54:00,78.1800,78.2090,78.1700,78.2000,0.0
2019-04-25 13:53:00,78.1970,78.2030,78.1700,78.1890,0.0
2019-04-25 13:52:00,78.1970,78.2000,78.1700,78.1970,0.0
2019-04-25 13:51:00,78.2080,78.2170,78.1700,78.1970,0.0
2019-04-25 13:50:00,78.1700,78.2100,78.1600,78.2080,0.0
2019-04-25 13:49:00,78.1710,78.1940,78.1600,78.1820,0.0
2019-04-25 13:48:00,78.1600,78.1810,78.1400,78.1500,0.0
2019-04-25 13:47:00,78.1620,78.1830,78.1400,78.1800,0.0
2019-04-25 13:46:00,78.1690,78.1750,78.1300,78.1620,0.0
2019-04-25 13:45:00,78.1510,78.1690,78.1200,78.1690,0.0
2019-04-25 13:44:00,78.1890,78.1950,78.1300,78.1530,0.0
2019-04-25 13:43:00,78.2000,78.2160,78.1700,78.1920,0.0
2019-04-25 13:42:00,78.1900,78.2230,78.1800,78.2150,0.0
2019-04-25 13:41:00,78.2110,78.2230,78.1900,78.2100,0.0
2019-04-25 13:40:00,78.1900,78.2240,78.1900,78.2130,0.0
2019-04-25 13:39:00,78.2190,78.2300,78.1900,78.2090,0.0
2019-04-25 13:38:00,78.1900,78.2280,78.1900,78.2190,0.0
2019-04-25 13:37:00,78.2240,78.2260,78.1700,78.2100,0.0
2019-04-25 13:36:00,78.2000,78.2300,78.1800,78.2240,0.0
2019-04-25 13:35:00,78.2480,78.2510,78.2000,78.2200,0.0
2019-04-25 13:34:00,78.2400,78.2660,78.2200,78.2480,0.0
2019-04-25 13:33:00,78.2370,78.2630,78.2100,78.2620,0.0
2019-04-25 13:32:00,78.2400,78.2600,78.2100,78.2370,0.0
2019-04-25 13:31:00,78.2790,78.2840,78.2400,78.2590,0.0
2019-04-25 13:30:00,78.2840,78.2880,78.2400,78.2800,0.0
2019-04-25 13:29:00,78.2800,78.2850,78.2600,78.2810,0.0
2019-04-25 13:28:00,78.2800,78.2930,78.2500,78.2780,0.0
2019-04-25 13:27:00,78.2880,78.2960,78.2600,78.2910,0.0
2019-04-25 13:26:00,78.2600,78.2950,78.2500,78.2880,0.0
2019-04-25 13:25:00,78.3000,78.3000,78.2500,78.2710,0.0
2019-04-25 13:24:00,78.3000,78.3160,78.2800,78.2970,0.0
2019-04-25 13:23:00,78.3260,78.3300,78.2800,78.3130,0.0
2019-04-25 13:22:00,78.3100,78.3330,78.3100,78.3260,0.0
2019-04-25 13:21:00,78.3190,78.3290,78.3000,78.3270,0.0
2019-04-25 13:20:00,78.3060,78.3210,78.2800,78.3180,0.0
2019-04-25 13:19:00,78.3070,78.3090,78.2800,78.3070,0.0
2019-04-25 13:18:00,78.3000,78.3180,78.2800,78.3070,0.0
2019-04-25 13:17:00,78.3070,78.3140,78.2800,78.3130,0.0
2019-04-25 13:16:00,78.2900,78.3140,78.2800,78.3070,0.0
2019-04-25 13:15:00,78.2990,78.3180,78.2700,78.3110,0.0
2019-04-25 13:14:00,78.2600,78.3060,78.2600,78.2990,0.0
2019-04-25 13:13:00,78.2750,78.2930,78.2500,78.2870,0.0
2019-04-25 13:12:00,78.2700,78.2820,78.2400,78.2750,0.0
2019-04-25 13:11:00,78.2550,78.2760,78.2400,78.2740,0.0
2019-04-25 13:10:00,78.2670,78.2710,78.2300,78.2550,0.0
2019-04-25 13:09:00,78.2700,78.2800,78.2500,78.2690,0.0
2019-04-25 13:08:00,78.2500,78.2740,78.2400,78.2680,0.0
2019-04-25 13:07:00,78.2620,78.2700,78.2400,78.2640,0.0
2019-04-25 13:06:00,78.2660,78.2750,78.2400,78.2630,0.0
2019-04-25 13:05:00,78.2650,78.2770,78.2400,78.2670,0.0
2019-04-25 13:04:00,78.2500,78.2780,78.2400,78.2650,0.0
2019-04-25 13:03:00,78.2660,78.2760,78.2400,78.2670,0.0
2019-04-25 13:02:00,78.2790,78.2960,78.2400,78.2660,0.0
2019-04-25 13:01:00,78.2910,78.2960,78.2600,78.2850,0.0
2019-04-25 13:00:00,78.2750,78.2990,78.2500,78.2900,0.0
2019-04-25 12:59:00,78.2700,78.2820,78.2500,78.2750,0.0
2019-04-25 12:58:00,78.2600,78.2740,78.2400,78.2700,0.0
2019-04-25 12:57:00,78.2660,78.2730,78.2400,78.2720,0.0
2019-04-25 12:56:00,78.2500,78.2710,78.2300,78.2670,0.0
2019-04-25 12:55:00,78.2530,78.2550,78.2300,78.2500,0.0
2019-04-25 12:54:00,78.2400,78.2670,78.2300,78.2530,0.0
2019-04-25 12:53:00,78.2490,78.2560,78.2200,78.2560,0.0
2019-04-25 12:52:00,78.2400,78.2560,78.2300,78.2490,0.0
2019-04-25 12:51:00,78.2670,78.2710,78.2300,78.2540,0.0
2019-04-25 12:50:00,78.2720,78.2830,78.2400,78.2670,0.0
2019-04-25 12:49:00,78.2730,78.2840,78.2500,78.2710,0.0
2019-04-25 12:48:00,78.2700,78.2870,78.2500,78.2730,0.0
2019-04-25 12:47:00,78.2880,78.2990,78.2600,78.2850,0.0
2019-04-25 12:46:00,78.2900,78.2960,78.2600,78.2880,0.0
2019-04-25 12:45:00,78.2790,78.3010,78.2600,78.2940,0.0
2019-04-25 12:44:00,78.2700,78.2830,78.2500,78.2790,0.0
2019-04-25 12:43:00,78.2680,78.2730,78.2400,78.2700,0.0
2019-04-25 12:42:00,78.2600,78.2830,78.2400,78.2680,0.0
2019-04-25 12:41:00,78.2580,78.2890,78.2400,78.2810,0.0
2019-04-25 12:40:00,78.2400,78.2660,78.2300,78.2580,0.0
2019-04-25 12:39:00,78.2500,78.2590,78.2300,78.2540,0.0
2019-04-25 12:38:00,78.2300,78.2550,78.2200,78.2500,0.0
2019-04-25 12:37:00,78.2510,78.2540,78.2200,78.2460,0.0
2019-04-25 12:36:00,78.2290,78.2770,78.2100,78.2510,0.0
2019-04-25 12:35:00,78.2210,78.2320,78.2000,78.2290,0.0
2019-04-25 12:34:00,78.1900,78.2300,78.1900,78.2160,0.0
2019-04-25 12:33:00,78.2020,78.2180,78.1700,78.2080,0.0
2019-04-25 12:32:00,78.1800,78.2130,78.1700,78.2020,0.0
2019-04-25 12:31:00,78.2190,78.2260,78.1800,78.1960,0.0
2019-04-25 12:30:00,78.2200,78.2380,78.1800,78.2160,0.0
2019-04-25 12:29:00,78.2360,78.2430,78.2000,78.2200,0.0
2019-04-25 12:28:00,78.2200,78.2490,78.2100,78.2360,0.0
2019-04-25 12:27:00,78.2480,78.2520,78.2100,78.2350,0.0
2019-04-25 12:26:00,78.2200,78.2500,78.2100,78.2480,0.0
2019-04-25 12:25:00,78.2430,78.2490,78.2100,78.2340,0.0
2019-04-25 12:24:00,78.2300,78.2590,78.2200,78.2430,0.0
2019-04-25 12:23:00,78.2200,78.2520,78.2200,78.2510,0.0
2019-04-25 12:22:00,78.2300,78.2560,78.2200,78.2450,0.0
2019-04-25 12:21:00,78.2520,78.2630,78.2200,78.2410,0.0
2019-04-25 12:20:00,78.2370,78.2580,78.2100,78.2520,0.0
2019-04-25 12:19:00,78.2450,78.2520,78.2200,78.2380,0.0
2019-04-25 12:18:00,78.2400,78.2560,78.2200,78.2200,0.0
2019-04-25 12:17:00,78.2540,78.2600,78.2200,78.2510,0.0
2019-04-25 12:16:00,78.2400,78.2620,78.2300,78.2540,0.0
2019-04-25 12:15:00,78.2540,78.2720,78.2300,78.2560,0.0
2019-04-25 12:14:00,78.2600,78.2760,78.2300,78.2520,0.0
2019-04-25 12:13:00,78.2770,78.2820,78.2500,78.2740,0.0
2019-04-25 12:12:00,78.2700,78.2850,78.2500,78.2770,0.0
2019-04-25 12:11:00,78.2860,78.2870,78.2600,78.2820,0.0
2019-04-25 12:10:00,78.2600,78.2900,78.2600,78.2860,0.0
2019-04-25 12:09:00,78.2730,78.2850,78.2500,78.2820,0.0
2019-04-25 12:08:00,78.2700,78.2830,78.2500,78.2730,0.0
2019-04-25 12:07:00,78.2700,78.2980,78.2600,78.2800,0.0
2019-04-25 12:06:00,78.2800,78.2990,78.2600,78.2960,0.0
2019-04-25 12:05:00,78.2920,78.2990,78.2600,78.2810,0.0
2019-04-25 12:04:00,78.3020,78.3050,78.2700,78.2920,0.0
2019-04-25 12:03:00,78.2800,78.3110,78.2800,78.3040,0.0
2019-04-25 12:02:00,78.2900,78.3130,78.2800,78.3070,0.0
2019-04-25 12:01:00,78.2900,78.3190,78.2900,78.3100,0.0
2019-04-25 12:00:00,78.2970,78.3150,78.2800,78.3090,0.0
2019-04-25 11:59:00,78.2600,78.2970,78.2600,78.2700,0.0
2019-04-25 11:58:00,78.2800,78.2960,78.2600,78.2600,0.0
2019-04-25 11:57:00,78.2990,78.3050,78.2700,78.2930,0.0
2019-04-25 11:56:00,78.2900,78.3010,78.2700,78.2800,0.0
2019-04-25 11:55:00,78.2800,78.3010,78.2700,78.2970,0.0
2019-04-25 11:54:00,78.3060,78.3080,78.2800,78.2990,0.0
2019-04-25 11:53:00,78.3090,78.3090,78.2800,78.3060,0.0
2019-04-25 11:52:00,78.2900,78.3120,78.2800,78.3090,0.0
2019-04-25 11:51:00,78.2880,78.3040,78.2700,78.3020,0.0
2019-04-25 11:50:00,78.2800,78.2970,78.2700,78.2700,0.0
2019-04-25 11:49:00,78.2970,78.3040,78.2700,78.2960,0.0
2019-04-25 11:48:00,78.2900,78.3120,78.2700,78.2970,0.0
2019-04-25 11:47:00,78.3100,78.3170,78.2800,78.3050,0.0
2019-04-25 11:46:00,78.3100,78.3260,78.2900,78.3100,0.0
2019-04-25 11:45:00,78.3200,78.3240,78.2900,78.3230,0.0
2019-04-25 11:44:00,78.3200,78.3270,78.3000,78.3200,0.0
2019-04-25 11:43:00,78.3030,78.3210,78.2800,78.3190,0.0
2019-04-25 11:42:00,78.3000,78.3160,78.2800,78.3030,0.0
2019-04-25 11:41:00,78.3130,78.3180,78.2900,78.3140,0.0
2019-04-25 11:40:00,78.3000,78.3210,78.2900,78.3080,0.0
2019-04-25 11:39:00,78.3210,78.3260,78.3000,78.3200,0.0
2019-04-25 11:38:00,78.3100,78.3280,78.3000,78.3210,0.0
2019-04-25 11:37:00,78.3290,78.3330,78.3000,78.3240,0.0
2019-04-25 11:36:00,78.3100,78.3320,78.3000,78.3290,0.0
2019-04-25 11:35:00,78.3230,78.3310,78.3000,78.3270,0.0
2019-04-25 11:34:00,78.3100,78.3300,78.3000,78.3230,0.0
2019-04-25 11:33:00,78.3340,78.3340,78.3000,78.3260,0.0
2019-04-25 11:32:00,78.3300,78.3440,78.3100,78.3330,0.0
2019-04-25 11:31:00,78.3380,78.3440,78.3100,78.3410,0.0
2019-04-25 11:30:00,78.3100,78.3460,78.3000,78.3380,0.0
2019-04-25 11:29:00,78.3180,78.3280,78.2900,78.3260,0.0
2019-04-25 11:28:00,78.3100,78.3300,78.2900,78.3190,0.0
2019-04-25 11:27:00,78.3290,78.3380,78.3000,78.3240,0.0
2019-04-25 11:26:00,78.2900,78.3280,78.2900,78.3260,0.0
2019-04-25 11:25:00,78.3070,78.3250,78.2800,78.3060,0.0
2019-04-25 11:24:00,78.3000,78.3080,78.2800,78.2800,0.0
2019-04-25 11:23:00,78.3090,78.3150,78.2800,78.3070,0.0
2019-04-25 11:22:00,78.2900,78.3150,78.2800,78.3120,0.0
2019-04-25 11:21:00,78.3040,78.3120,78.2800,78.3060,0.0
2019-04-25 11:20:00,78.2900,78.3060,78.2800,78.3030,0.0
2019-04-25 11:19:00,78.2960,78.3140,78.2800,78.3020,0.0
2019-04-25 11:18:00,78.2900,78.3100,78.2700,78.2950,0.0
2019-04-25 11:17:00,78.3050,78.3210,78.2800,78.3090,0.0
2019-04-25 11:16:00,78.3000,78.3180,78.2800,78.3070,0.0
2019-04-25 11:15:00,78.3120,78.3250,78.2900,78.3140,0.0
2019-04-25 11:14:00,78.3140,78.3270,78.2900,78.3120,0.0
2019-04-25 11:13:00,78.3210,78.3230,78.2900,78.3140,0.0
2019-04-25 11:12:00,78.3170,78.3240,78.2900,78.3220,0.0
2019-04-25 11:11:00,78.3130,78.3190,78.2900,78.3180,0.0
2019-04-25 11:10:00,78.2900,78.3180,78.2800,78.3130,0.0
2019-04-25 11:09:00,78.2970,78.3120,78.2700,78.3110,0.0
2019-04-25 11:08:00,78.3000,78.3210,78.2800,78.3040,0.0
2019-04-25 11:07:00,78.2910,78.3190,78.2700,78.3180,0.0
2019-04-25 11:06:00,78.2800,78.2980,78.2700,78.2870,0.0
2019-04-25 11:05:00,78.3050,78.3140,78.2700,78.2960,0.0
2019-04-25 11:04:00,78.3000,78.3190,78.2800,78.3060,0.0
2019-04-25 11:03:00,78.3100,78.3180,78.2900,78.3140,0.0
2019-04-25 11:02:00,78.3000,78.3240,78.2900,78.3100,0.0
2019-04-25 11:01:00,78.3160,78.3250,78.2900,78.3200,0.0
2019-04-25 11:00:00,78.2800,78.3160,78.2800,78.3140,0.0
2019-04-25 10:59:00,78.3060,78.3080,78.2800,78.3000,0.0
2019-04-25 10:58:00,78.2800,78.3090,78.2800,78.3060,0.0
2019-04-25 10:57:00,78.2960,78.3090,78.2700,78.3010,0.0
2019-04-25 10:56:00,78.3020,78.3110,78.2800,78.2970,0.0
2019-04-25 10:55:00,78.3120,78.3130,78.2800,78.3020,0.0
2019-04-25 10:54:00,78.2900,78.3130,78.2800,78.3100,0.0
2019-04-25 10:53:00,78.2950,78.3110,78.2800,78.3050,0.0
2019-04-25 10:52:00,78.2800,78.3050,78.2700,78.3020,0.0
2019-04-25 10:51:00,78.3020,78.3050,78.2700,78.2800,0.0
2019-04-25 10:50:00,78.2800,78.3090,78.2700,78.3020,0.0
2019-04-25 10:49:00,78.2930,78.3040,78.2700,78.2940,0.0
2019-04-25 10:48:00,78.2900,78.3060,78.2700,78.2930,0.0
2019-04-25 10:47:00,78.3030,78.3090,78.2800,78.3060,0.0
2019-04-25 10:46:00,78.2800,78.3040,78.2700,78.3030,0.0
2019-04-25 10:45:00,78.3090,78.3100,78.2800,78.3010,0.0
2019-04-25 10:44:00,78.2800,78.3130,78.2800,78.3090,0.0
2019-04-25 10:43:00,78.2950,78.3040,78.2700,78.2980,0.0
2019-04-25 10:42:00,78.2800,78.3000,78.2700,78.2950,0.0
2019-04-25 10:41:00,78.3000,78.3050,78.2700,78.2960,0.0
2019-04-25 10:40:00,78.2800,78.3050,78.2700,78.3000,0.0
2019-04-25 10:39:00,78.3010,78.3080,78.2800,78.3000,0.0
2019-04-25 10:38:00,78.2900,78.3080,78.2800,78.3010,0.0
2019-04-25 10:37:00,78.3090,78.3180,78.2800,78.3010,0.0
2019-04-25 10:36:00,78.2900,78.3130,78.2800,78.3090,0.0
2019-04-25 10:35:00,78.3210,78.3230,78.2900,78.3090,0.0
2019-04-25 10:34:00,78.2900,78.3240,78.2800,78.3220,0.0
2019-04-25 10:33:00,78.3150,78.3160,78.2800,78.3070,0.0
2019-04-25 10:32:00,78.3100,78.3260,78.2900,78.3150,0.0
2019-04-25 10:31:00,78.3170,78.3250,78.2900,78.3230,0.0
2019-04-25 10:30:00,78.3200,78.3380,78.2900,78.3170,0.0
2019-04-25 10:29:00,78.3450,78.3470,78.3100,78.3390,0.0
2019-04-25 10:28:00,78.3300,78.3500,78.3200,78.3470,0.0
2019-04-25 10:27:00,78.3310,78.3500,78.3200,78.3470,0.0
2019-04-25 10:26:00,78.3300,78.3520,78.3200,78.3380,0.0
2019-04-25 10:25:00,78.3510,78.3550,78.3300,78.3460,0.0
2019-04-25 10:24:00,78.3560,78.3640,78.3300,78.3510,0.0
2019-04-25 10:23:00,78.3450,78.3650,78.3300,78.3570,0.0
2019-04-25 10:22:00,78.3300,78.3520,78.3200,78.3300,0.0
2019-04-25 10:21:00,78.3430,78.3480,78.3200,78.3470,0.0
2019-04-25 10:20:00,78.3200,78.3440,78.3100,78.3430,0.0
2019-04-25 10:19:00,78.3370,78.3460,78.3100,78.3360,0.0
2019-04-25 10:18:00,78.3100,78.3440,78.3000,78.3410,0.0
2019-04-25 10:17:00,78.3230,78.3300,78.3000,78.3250,0.0
2019-04-25 10:16:00,78.3000,78.3420,78.2900,78.3250,0.0
2019-04-25 10:15:00,78.3130,78.3220,78.2900,78.3170,0.0
2019-04-25 10:14:00,78.3000,78.3200,78.2900,78.3130,0.0
2019-04-25 10:13:00,78.3090,78.3180,78.2800,78.3130,0.0
2019-04-25 10:12:00,78.3000,78.3190,78.2800,78.3060,0.0
2019-04-25 10:11:00,78.3300,78.3360,78.2900,78.3100,0.0
2019-04-25 10:10:00,78.3200,78.3400,78.3100,78.3300,0.0
2019-04-25 10:09:00,78.3370,78.3410,78.3100,78.3350,0.0
2019-04-25 10:08:00,78.3400,78.3640,78.3200,78.3370,0.0
2019-04-25 10:07:00,78.3640,78.3670,78.3300,78.3560,0.0
2019-04-25 10:06:00,78.3630,78.3750,78.3400,78.3640,0.0
2019-04-25 10:05:00,78.3590,78.3650,78.3400,78.3630,0.0
2019-04-25 10:04:00,78.3540,78.3620,78.3200,78.3590,0.0
2019-04-25 10:03:00,78.3750,78.3800,78.3300,78.3520,0.0
2019-04-25 10:02:00,78.3580,78.3790,78.3400,78.3750,0.0
2019-04-25 10:01:00,78.3580,78.3620,78.3300,78.3580,0.0
2019-04-25 10:00:00,78.3460,78.3670,78.3300,78.3550,0.0
2019-04-25 09:59:00,78.3450,78.3630,78.3200,78.3460,0.0
2019-04-25 09:58:00,78.3300,78.3540,78.3200,78.3450,0.0
2019-04-25 09:57:00,78.3750,78.3760,78.3300,78.3490,0.0
2019-04-25 09:56:00,78.3600,78.3850,78.3500,78.3750,0.0
2019-04-25 09:55:00,78.3730,78.3810,78.3400,78.3780,0.0
2019-04-25 09:54:00,78.3800,78.3940,78.3500,78.3680,0.0
2019-04-25 09:53:00,78.3920,78.3970,78.3600,78.3910,0.0
2019-04-25 09:52:00,78.3620,78.3950,78.3400,78.3920,0.0
2019-04-25 09:51:00,78.3770,78.3770,78.3400,78.3620,0.0
2019-04-25 09:50:00,78.3500,78.3810,78.3500,78.3770,0.0
2019-04-25 09:49:00,78.3690,78.3830,78.3500,78.3680,0.0
2019-04-25 09:48:00,78.3700,78.3770,78.3400,78.3690,0.0
2019-04-25 09:47:00,78.3640,78.3690,78.3400,78.3590,0.0
2019-04-25 09:46:00,78.3600,78.3780,78.3400,78.3630,0.0
2019-04-25 09:45:00,78.3700,78.3860,78.3500,78.3750,0.0
2019-04-25 09:44:00,78.3500,78.3800,78.3400,78.3700,0.0
2019-04-25 09:43:00,78.3790,78.3810,78.3400,78.3670,0.0
2019-04-25 09:42:00,78.3700,78.3930,78.3600,78.3800,0.0
2019-04-25 09:41:00,78.3990,78.4030,78.3600,78.3890,0.0
2019-04-25 09:40:00,78.3800,78.4020,78.3700,78.3990,0.0
2019-04-25 09:39:00,78.3990,78.4060,78.3700,78.3950,0.0
2019-04-25 09:38:00,78.4000,78.4140,78.3800,78.4000,0.0
2019-04-25 09:37:00,78.4170,78.4250,78.3900,78.4130,0.0
2019-04-25 09:36:00,78.4190,78.4280,78.4000,78.4250,0.0
2019-04-25 09:35:00,78.4380,78.4460,78.4000,78.4190,0.0
2019-04-25 09:34:00,78.4480,78.4530,78.4100,78.4350,0.0
2019-04-25 09:33:00,78.4630,78.4650,78.4200,78.4480,0.0
2019-04-25 09:32:00,78.4500,78.4670,78.4400,78.4630,0.0
2019-04-25 09:31:00,78.4480,78.4600,78.4300,78.4400,0.0
2019-04-25 09:30:00,78.4450,78.4490,78.4200,78.4470,0.0
2019-04-25 09:29:00,78.4250,78.4500,78.4000,78.4360,0.0
2019-04-25 09:28:00,78.4100,78.4320,78.4000,78.4180,0.0
2019-04-25 09:27:00,78.4350,78.4370,78.4100,78.4270,0.0
2019-04-25 09:26:00,78.4200,78.4400,78.4100,78.4270,0.0
2019-04-25 09:25:00,78.4370,78.4410,78.4100,78.4390,0.0
2019-04-25 09:24:00,78.4300,78.4460,78.4100,78.4290,0.0
2019-04-25 09:23:00,78.4470,78.4500,78.4200,78.4460,0.0
2019-04-25 09:22:00,78.4400,78.4600,78.4200,78.4390,0.0
2019-04-25 09:21:00,78.4570,78.4620,78.4400,78.4580,0.0
2019-04-25 09:20:00,78.4400,78.4760,78.4300,78.4500,0.0
2019-04-25 09:19:00,78.4490,78.4580,78.4300,78.4470,0.0
2019-04-25 09:18:00,78.4400,78.4570,78.4300,78.4420,0.0
2019-04-25 09:17:00,78.4560,78.4680,78.4300,78.4500,0.0
2019-04-25 09:16:00,78.4200,78.4640,78.4200,78.4560,0.0
2019-04-25 09:15:00,78.4370,78.4430,78.4100,78.4380,0.0
2019-04-25 09:14:00,78.4420,78.4440,78.4100,78.4300,0.0
2019-04-25 09:13:00,78.4420,78.4450,78.4200,78.4340,0.0
2019-04-25 09:12:00,78.4300,78.4470,78.4100,78.4340,0.0
2019-04-25 09:11:00,78.4340,78.4490,78.4100,78.4480,0.0
2019-04-25 09:10:00,78.4200,78.4440,78.4100,78.4340,0.0
2019-04-25 09:09:00,78.4460,78.4520,78.4200,78.4360,0.0
2019-04-25 09:08:00,78.4300,78.4540,78.4200,78.4500,0.0
2019-04-25 09:07:00,78.4590,78.4600,78.4200,78.4490,0.0
2019-04-25 09:06:00,78.4680,78.4690,78.4400,78.4590,0.0
2019-04-25 09:05:00,78.4730,78.4780,78.4500,78.4690,0.0
2019-04-25 09:04:00,78.4600,78.4810,78.4500,78.4740,0.0
2019-04-25 09:03:00,78.4760,78.4820,78.4500,78.4740,0.0
2019-04-25 09:02:00,78.4600,78.4870,78.4500,78.4760,0.0
2019-04-25 09:01:00,78.4880,78.4880,78.4500,78.4720,0.0
2019-04-25 09:00:00,78.4900,78.5120,78.4600,78.4870,0.0
2019-04-25 08:59:00,78.5110,78.5170,78.4800,78.4940,0.0
2019-04-25 08:58:00,78.5060,78.5240,78.4800,78.5110,0.0
2019-04-25 08:57:00,78.4780,78.5080,78.4500,78.5060,0.0
2019-04-25 08:56:00,78.4500,78.4810,78.4400,78.4780,0.0
2019-04-25 08:55:00,78.4640,78.4670,78.4400,78.4640,0.0
2019-04-25 08:54:00,78.4650,78.4700,78.4400,78.4640,0.0
2019-04-25 08:53:00,78.4650,78.4680,78.4400,78.4640,0.0
2019-04-25 08:52:00,78.4600,78.4720,78.4400,78.4640,0.0
2019-04-25 08:51:00,78.4700,78.4760,78.4500,78.4710,0.0
2019-04-25 08:50:00,78.4720,78.4740,78.4500,78.4630,0.0
2019-04-25 08:49:00,78.4740,78.4750,78.4500,78.4720,0.0
2019-04-25 08:48:00,78.4700,78.4810,78.4500,78.4660,0.0
2019-04-25 08:47:00,78.4760,78.4840,78.4500,78.4790,0.0
2019-04-25 08:46:00,78.4700,78.4840,78.4600,78.4760,0.0
2019-04-25 08:45:00,78.4730,78.4880,78.4500,78.4770,0.0
2019-04-25 08:44:00,78.4470,78.4840,78.4300,78.4740,0.0
2019-04-25 08:43:00,78.4410,78.4510,78.4200,78.4470,0.0
2019-04-25 08:42:00,78.4300,78.4570,78.4000,78.4410,0.0
2019-04-25 08:41:00,78.4210,78.4320,78.4000,78.4300,0.0
2019-04-25 08:40:00,78.4100,78.4310,78.4000,78.4210,0.0
2019-04-25 08:39:00,78.4190,78.4320,78.4000,78.4290,0.0
2019-04-25 08:38:00,78.4000,78.4260,78.4000,78.4190,0.0
2019-04-25 08:37:00,78.4110,78.4190,78.3800,78.4160,0.0
2019-04-25 08:36:00,78.4190,78.4200,78.3800,78.4110,0.0
2019-04-25 08:35:00,78.3920,78.4190,78.3700,78.4180,0.0
2019-04-25 08:34:00,78.3900,78.4070,78.3700,78.3920,0.0
2019-04-25 08:33:00,78.3920,78.4150,78.3700,78.4030,0.0
2019-04-25 08:32:00,78.3900,78.4020,78.3600,78.3900,0.0
2019-04-25 08:31:00,78.3630,78.4160,78.3400,78.4030,0.0
2019-04-25 08:30:00,78.3300,78.3740,78.3300,78.3630,0.0
2019-04-25 08:29:00,78.3580,78.3630,78.3300,78.3300,0.0
2019-04-25 08:28:00,78.2900,78.3620,78.2800,78.3600,0.0
2019-04-25 08:27:00,78.3100,78.3160,78.2800,78.3000,0.0
2019-04-25 08:26:00,78.2900,78.3160,78.2800,78.3100,0.0
2019-04-25 08:25:00,78.3150,78.3170,78.2900,78.3090,0.0
2019-04-25 08:24:00,78.2800,78.3190,78.2800,78.3150,0.0
2019-04-25 08:23:00,78.2920,78.3070,78.2700,78.2970,0.0
2019-04-25 08:22:00,78.2590,78.2980,78.2400,78.2920,0.0
2019-04-25 08:21:00,78.3520,78.3520,78.2200,78.2580,0.0
2019-04-25 08:20:00,78.3300,78.3540,78.3200,78.3440,0.0
2019-04-25 08:19:00,78.3590,78.3690,78.3100,78.3470,0.0
2019-04-25 08:18:00,78.3700,78.3910,78.3500,78.3650,0.0
2019-04-25 08:17:00,78.4000,78.4040,78.3700,78.3910,0.0
2019-04-25 08:16:00,78.4110,78.4130,78.3800,78.3940,0.0
2019-04-25 08:15:00,78.4080,78.4120,78.3900,78.4090,0.0
2019-04-25 08:14:00,78.3900,78.4180,78.3900,78.4080,0.0
2019-04-25 08:13:00,78.4070,78.4130,78.3900,78.4000,0.0
2019-04-25 08:12:00,78.4000,78.4210,78.3800,78.4020,0.0
2019-04-25 08:11:00,78.4380,78.4400,78.3900,78.4170,0.0
2019-04-25 08:10:00,78.4200,78.4420,78.4100,78.4360,0.0
2019-04-25 08:09:00,78.4340,78.4410,78.4100,78.4390,0.0
2019-04-25 08:08:00,78.4200,78.4420,78.4100,78.4330,0.0
2019-04-25 08:07:00,78.4340,78.4410,78.4100,78.4320,0.0
2019-04-25 08:06:00,78.4200,78.4470,78.4100,78.4340,0.0
2019-04-25 08:05:00,78.4360,78.4450,78.4100,78.4390,0.0
2019-04-25 08:04:00,78.4300,78.4420,78.4100,78.4360,0.0
2019-04-25 08:03:00,78.4530,78.4550,78.4200,78.4400,0.0
2019-04-25 08:02:00,78.4300,78.4610,78.4300,78.4530,0.0
2019-04-25 08:01:00,78.4520,78.4590,78.4300,78.4490,0.0
2019-04-25 08:00:00,78.4420,78.4560,78.4100,78.4520,0.0
2019-04-25 07:59:00,78.4370,78.4440,78.4100,78.4420,0.0
2019-04-25 07:58:00,78.4100,78.4380,78.4000,78.4370,0.0
2019-04-25 07:57:00,78.4190,78.4310,78.4000,78.4250,0.0
2019-04-25 07:56:00,78.4220,78.4280,78.4000,78.4190,0.0
2019-04-25 07:55:00,78.4250,78.4300,78.4000,78.4170,0.0
2019-04-25 07:54:00,78.4000,78.4360,78.3900,78.4260,0.0
2019-04-25 07:53:00,78.4010,78.4100,78.3800,78.4090,0.0
2019-04-25 07:52:00,78.3900,78.4120,78.3800,78.4010,0.0
2019-04-25 07:51:00,78.3930,78.4150,78.3700,78.4090,0.0
2019-04-25 07:50:00,78.3800,78.4030,78.3700,78.3930,0.0
2019-04-25 07:49:00,78.4050,78.4080,78.3700,78.3930,0.0
2019-04-25 07:48:00,78.4000,78.4160,78.3800,78.4050,0.0
2019-04-25 07:47:00,78.4100,78.4150,78.3800,78.4120,0.0
2019-04-25 07:46:00,78.3900,78.4170,78.3800,78.4020,0.0
2019-04-25 07:45:00,78.4090,78.4160,78.3800,78.4070,0.0
2019-04-25 07:44:00,78.3800,78.4170,78.3700,78.4090,0.0
2019-04-25 07:43:00,78.3950,78.3990,78.3700,78.3940,0.0
2019-04-25 07:42:00,78.3800,78.3990,78.3700,78.3950,0.0
2019-04-25 07:41:00,78.4000,78.4040,78.3700,78.3940,0.0
2019-04-25 07:40:00,78.3800,78.4030,78.3700,78.3990,0.0
2019-04-25 07:39:00,78.3930,78.4010,78.3700,78.3960,0.0
2019-04-25 07:38:00,78.3700,78.3950,78.3600,78.3940,0.0
2019-04-25 07:37:00,78.3820,78.3900,78.3500,78.3830,0.0
2019-04-25 07:36:00,78.4000,78.4180,78.3600,78.3820,0.0
2019-04-25 07:35:00,78.4140,78.4210,78.3900,78.3900,0.0
2019-04-25 07:34:00,78.3900,78.4200,78.3900,78.4140,0.0
2019-04-25 07:33:00,78.4110,78.4210,78.3900,78.4070,0.0
2019-04-25 07:32:00,78.3900,78.4240,78.3900,78.4110,0.0
2019-04-25 07:31:00,78.3770,78.4120,78.3600,78.4070,0.0
2019-04-25 07:30:00,78.3900,78.4080,78.3500,78.3770,0.0
2019-04-25 07:29:00,78.4240,78.4260,78.3700,78.4030,0.0
2019-04-25 07:28:00,78.4000,78.4250,78.4000,78.4240,0.0
2019-04-25 07:27:00,78.4290,78.4310,78.4000,78.4180,0.0
2019-04-25 07:26:00,78.4100,78.4320,78.4000,78.4280,0.0
2019-04-25 07:25:00,78.4230,78.4260,78.3900,78.4210,0.0
2019-04-25 07:24:00,78.4300,78.4470,78.4000,78.4230,0.0
2019-04-25 07:23:00,78.4470,78.4480,78.4200,78.4450,0.0
2019-04-25 07:22:00,78.4000,78.4510,78.3900,78.4460,0.0
2019-04-25 07:21:00,78.4300,78.4390,78.4000,78.4150,0.0
2019-04-25 07:20:00,78.4200,78.4400,78.4000,78.4300,0.0
2019-04-25 07:19:00,78.4120,78.4310,78.3800,78.4300,0.0
2019-04-25 07:18:00,78.4100,78.4260,78.3900,78.4110,0.0
2019-04-25 07:17:00,78.4150,78.4260,78.3900,78.4200,0.0
2019-04-25 07:16:00,78.4000,78.4200,78.3900,78.4150,0.0
2019-04-25 07:15:00,78.4040,78.4210,78.3800,78.3900,0.0
2019-04-25 07:14:00,78.3700,78.4200,78.3700,78.4030,0.0
2019-04-25 07:13:00,78.3780,78.4000,78.3600,78.3840,0.0
2019-04-25 07:12:00,78.3900,78.4070,78.3500,78.3780,0.0
2019-04-25 07:11:00,78.4160,78.4200,78.3800,78.4060,0.0
2019-04-25 07:10:00,78.4000,78.4280,78.3900,78.4170,0.0
2019-04-25 07:09:00,78.4190,78.4210,78.3800,78.4110,0.0
2019-04-25 07:08:00,78.3800,78.4220,78.3700,78.4180,0.0
2019-04-25 07:07:00,78.4170,78.4220,78.3800,78.3990,0.0
2019-04-25 07:06:00,78.3800,78.4200,78.3700,78.4170,0.0
2019-04-25 07:05:00,78.3890,78.4060,78.3700,78.3960,0.0
2019-04-25 07:04:00,78.4200,78.4310,78.3600,78.3890,0.0
2019-04-25 07:03:00,78.4400,78.4450,78.4100,78.4240,0.0
2019-04-25 07:02:00,78.4300,78.4530,78.4200,78.4400,0.0
2019-04-25 07:01:00,78.4470,78.4550,78.4200,78.4450,0.0
2019-04-25 07:00:00,78.4500,78.4780,78.4200,78.4460,0.0
2019-04-25 06:59:00,78.4720,78.4730,78.4300,78.4640,0.0
2019-04-25 06:58:00,78.4900,78.5050,78.4500,78.4720,0.0
2019-04-25 06:57:00,78.5150,78.5260,78.4800,78.5010,0.0
2019-04-25 06:56:00,78.5100,78.5270,78.4900,78.5150,0.0
2019-04-25 06:55:00,78.5230,78.5280,78.4900,78.5250,0.0
2019-04-25 06:54:00,78.5200,78.5430,78.5000,78.5230,0.0
2019-04-25 06:53:00,78.5380,78.5410,78.5000,78.5290,0.0
2019-04-25 06:52:00,78.5100,78.5390,78.5100,78.5380,0.0
2019-04-25 06:51:00,78.5400,78.5420,78.5000,78.5220,0.0
2019-04-25 06:50:00,78.5200,78.5420,78.5100,78.5400,0.0
2019-04-25 06:49:00,78.5420,78.5510,78.5100,78.5360,0.0
2019-04-25 06:48:00,78.5300,78.5470,78.5200,78.5420,0.0
2019-04-25 06:47:00,78.5440,78.5460,78.5200,78.5420,0.0
2019-04-25 06:46:00,78.5320,78.5480,78.5100,78.5440,0.0
2019-04-25 06:45:00,78.5520,78.5520,78.5100,78.5320,0.0
2019-04-25 06:44:00,78.5400,78.5540,78.5300,78.5520,0.0
2019-04-25 06:43:00,78.5520,78.5560,78.5200,78.5520,0.0
2019-04-25 06:42:00,78.5400,78.5580,78.5200,78.5520,0.0
2019-04-25 06:41:00,78.5560,78.5620,78.5300,78.5550,0.0
2019-04-25 06:40:00,78.5400,78.5580,78.5300,78.5560,0.0
2019-04-25 06:39:00,78.5390,78.5560,78.5100,78.5540,0.0
2019-04-25 06:38:00,78.5200,78.5470,78.5100,78.5390,0.0
2019-04-25 06:37:00,78.5370,78.5390,78.5000,78.5350,0.0
2019-04-25 06:36:00,78.5300,78.5480,78.5100,78.5360,0.0
2019-04-25 06:35:00,78.5340,78.5520,78.5100,78.5450,0.0
2019-04-25 06:34:00,78.5200,78.5430,78.5000,78.5340,0.0
2019-04-25 06:33:00,78.5320,78.5390,78.5100,78.5340,0.0
2019-04-25 06:32:00,78.5200,78.5370,78.5100,78.5320,0.0
2019-04-25 06:31:00,78.5350,78.5460,78.5100,78.5100,0.0
2019-04-25 06:30:00,78.5260,78.5430,78.5000,78.5410,0.0
2019-04-25 06:29:00,78.5490,78.5530,78.5000,78.5230,0.0
2019-04-25 06:28:00,78.5300,78.5520,78.5200,78.5490,0.0
2019-04-25 06:27:00,78.5390,78.5520,78.5100,78.5440,0.0
2019-04-25 06:26:00,78.5100,78.5520,78.5000,78.5390,0.0
2019-04-25 06:25:00,78.5270,78.5310,78.5000,78.5250,0.0
2019-04-25 06:24:00,78.5200,78.5380,78.5100,78.5270,0.0
2019-04-25 06:23:00,78.5370,78.5410,78.5100,78.5310,0.0
2019-04-25 06:22:00,78.5200,78.5470,78.5100,78.5370,0.0
2019-04-25 06:21:00,78.5480,78.5540,78.5200,78.5370,0.0
2019-04-25 06:20:00,78.5500,78.5650,78.5300,78.5500,0.0
2019-04-25 06:19:00,78.5690,78.5720,78.5400,78.5650,0.0
2019-04-25 06:18:00,78.5620,78.5720,78.5400,78.5690,0.0
2019-04-25 06:17:00,78.5680,78.5720,78.5400,78.5630,0.0
2019-04-25 06:16:00,78.5600,78.5780,78.5400,78.5680,0.0
2019-04-25 06:15:00,78.5710,78.5740,78.5400,78.5730,0.0
2019-04-25 06:14:00,78.5500,78.5740,78.5400,78.5680,0.0
2019-04-25 06:13:00,78.5730,78.5810,78.5400,78.5690,0.0
2019-04-25 06:12:00,78.5700,78.5910,78.5500,78.5740,0.0
2019-04-25 06:11:00,78.5770,78.5920,78.5600,78.5840,0.0
2019-04-25 06:10:00,78.5700,78.5910,78.5500,78.5780,0.0
2019-04-25 06:09:00,78.5650,78.5840,78.5400,78.5840,0.0
2019-04-25 06:08:00,78.5800,78.5820,78.5400,78.5630,0.0
2019-04-25 06:07:00,78.5920,78.5980,78.5600,78.5600,0.0
2019-04-25 06:06:00,78.5900,78.6050,78.5700,78.5920,0.0
2019-04-25 06:05:00,78.6160,78.6180,78.5800,78.6050,0.0
2019-04-25 06:04:00,78.6000,78.6270,78.5900,78.6140,0.0
2019-04-25 06:03:00,78.5930,78.6190,78.5700,78.6130,0.0
2019-04-25 06:02:00,78.5900,78.6090,78.5700,78.5930,0.0
2019-04-25 06:01:00,78.5870,78.6050,78.5700,78.6010,0.0
2019-04-25 06:00:00,78.6040,78.6130,78.5700,78.5890,0.0
2019-04-25 05:59:00,78.5950,78.6150,78.5700,78.6030,0.0
2019-04-25 05:58:00,78.5800,78.6000,78.5700,78.5700,0.0
2019-04-25 05:57:00,78.5920,78.5960,78.5700,78.5950,0.0
2019-04-25 05:56:00,78.5900,78.5940,78.5700,78.5910,0.0
2019-04-25 05:55:00,78.5930,78.5950,78.5700,78.5910,0.0
2019-04-25 05:54:00,78.5800,78.5970,78.5700,78.5930,0.0
2019-04-25 05:53:00,78.5880,78.5960,78.5600,78.5900,0.0
2019-04-25 05:52:00,78.5600,78.5880,78.5600,78.5700,0.0
2019-04-25 05:51:00,78.5710,78.5840,78.5500,78.5780,0.0
2019-04-25 05:50:00,78.5500,78.5770,78.5500,78.5700,0.0
2019-04-25 05:49:00,78.5610,78.5750,78.5400,78.5710,0.0
2019-04-25 05:48:00,78.5500,78.5700,78.5400,78.5610,0.0
2019-04-25 05:47:00,78.5660,78.5730,78.5400,78.5400,0.0
2019-04-25 05:46:00,78.5500,78.5650,78.5400,78.5650,0.0
2019-04-25 05:45:00,78.5560,78.5620,78.5400,78.5600,0.0
2019-04-25 05:44:00,78.5500,78.5620,78.5400,78.5560,0.0
2019-04-25 05:43:00,78.5660,78.5730,78.5400,78.5590,0.0
2019-04-25 05:42:00,78.5730,78.5750,78.5400,78.5630,0.0
2019-04-25 05:41:00,78.5630,78.5770,78.5400,78.5740,0.0
2019-04-25 05:40:00,78.5700,78.5830,78.5400,78.5620,0.0
2019-04-25 05:39:00,78.5780,78.5870,78.5500,78.5830,0.0
2019-04-25 05:38:00,78.5700,78.5870,78.5500,78.5780,0.0
2019-04-25 05:37:00,78.5870,78.5880,78.5600,78.5860,0.0
2019-04-25 05:36:00,78.5700,78.5890,78.5600,78.5870,0.0
2019-04-25 05:35:00,78.5870,78.5880,78.5600,78.5840,0.0
2019-04-25 05:34:00,78.5600,78.5880,78.5600,78.5870,0.0
2019-04-25 05:33:00,78.5770,78.5810,78.5500,78.5770,0.0
2019-04-25 05:32:00,78.5500,78.5790,78.5400,78.5750,0.0
2019-04-25 05:31:00,78.5630,78.5670,78.5400,78.5400,0.0
2019-04-25 05:30:00,78.5590,78.5670,78.5400,78.5650,0.0
2019-04-25 05:29:00,78.5580,78.5600,78.5300,78.5590,0.0
2019-04-25 05:28:00,78.5400,78.5600,78.5300,78.5580,0.0
2019-04-25 05:27:00,78.5580,78.5610,78.5300,78.5570,0.0
2019-04-25 05:26:00,78.5500,78.5700,78.5400,78.5580,0.0
2019-04-25 05:25:00,78.5490,78.5660,78.5300,78.5640,0.0
2019-04-25 05:24:00,78.5400,78.5510,78.5200,78.5300,0.0
2019-04-25 05:23:00,78.5480,78.5540,78.5200,78.5440,0.0
2019-04-25 05:22:00,78.5400,78.5540,78.5200,78.5480,0.0
